expansion_id,expansion_title,card_number,name,card_type,clan_or_nation,grade,power,shield,skill,detail_url,image_url,image_file
5,[BT01]Descent of the King of Knights,BT01/001EN,"King of Knights, Alfred",Normal Unit,Royal Paladin,3,10000,-,"[CONT](VC):Your units cannot boost this unit. [CONT](VC):During your turn, this unit gets [Power] +2000 for each of your <Royal Paladin> rear-guards. [ACT](VC/RC):[Counter-Blast 3] Search your deck for up to one grade 2 or less <Royal Paladin>, call it to (RC), and shuffle your deck.",https://en.cf-vanguard.com/cardlist/cardsearch/?cardno=BT01/001EN&expansion=5&view=text,https://en.cf-vanguard.com/wordpress/wp-content/images/cardlist/bt01/BT01_001EN.png,"vanguard_scrape_out\images\BT01_001EN__King_of_Knights,_Alfred.png"
5,[BT01]Descent of the King of Knights,BT01/002EN,Blaster Blade,Normal Unit,Royal Paladin,2,9000,5000,"[AUTO]:[Counter-Blast 2] When this unit is placed on (VC), you may pay the cost. If you do, choose an opponent's rear-guard, and retire it. [AUTO]:[Counter-Blast 2] When this unit is placed on (RC), if you have a <Royal Paladin>> vanguard, you may pay the cost. If you do, choose an opponent's grade 2 or greater rear-guard, and retire it.",https://en.cf-vanguard.com/cardlist/cardsearch/?cardno=BT01/002EN&expansion=5&view=text,https://en.cf-vanguard.com/wordpress/wp-content/images/cardlist/bt01/BT01_002EN.png,vanguard_scrape_out\images\BT01_002EN__Blaster_Blade.png
5,[BT01]Descent of the King of Knights,BT01/003EN,Barcgal,Normal Unit,Royal Paladin,0,4000,10000,"[AUTO]:When another <Royal Paladin> rides this unit, you may call this card to (RC). [ACT](RC):[Rest this unit] Search your deck for up to one card named ""Future Knight, Llew"" or ""Flogal"", call it to (RC), and shuffle your deck.",https://en.cf-vanguard.com/cardlist/cardsearch/?cardno=BT01/003EN&expansion=5&view=text,https://en.cf-vanguard.com/wordpress/wp-content/images/cardlist/bt01/BT01_003EN.png,vanguard_scrape_out\images\BT01_003EN__Barcgal.png
5,[BT01]Descent of the King of Knights,BT01/004EN,Dragonic Overlord,Normal Unit,Kagero,3,11000,-,"[CONT](VC/RC):If you do not have another <Kagero> vanguard or rear-guard, this unit gets [Power] -2000. [ACT](VC/RC):[Counter-Blast 3] Until end of turn, this unit gets [Power] +5000, gets ""Own(VC/RC):When this unit's attack hits an opponent's rear-guard, [Stand] this unit,"" and loses ""Twin Drive!!"".",https://en.cf-vanguard.com/cardlist/cardsearch/?cardno=BT01/004EN&expansion=5&view=text,https://en.cf-vanguard.com/wordpress/wp-content/images/cardlist/bt01/BT01_004EN.png,vanguard_scrape_out\images\BT01_004EN__Dragonic_Overlord.png
5,[BT01]Descent of the King of Knights,BT01/005EN,"Embodiment of Victory, Aleph",Normal Unit,Kagero,3,10000,-,"[ACT](VC/RC):[Counter-Blast 4] This unit gets [Power] +3000/[Critical] +1 until end of turn. [ACT](VC):[Choose a card named ""Dragon Knight, Aleph"", a card named ""Embodiment of Armor, Bahr"", and a card named ""Embodiment of Spear, Tahr"" from your soul, and put them into your drop zone] Turn all cards in your damage zone face up.",https://en.cf-vanguard.com/cardlist/cardsearch/?cardno=BT01/005EN&expansion=5&view=text,https://en.cf-vanguard.com/wordpress/wp-content/images/cardlist/bt01/BT01_005EN.png,"vanguard_scrape_out\images\BT01_005EN__Embodiment_of_Victory,_Aleph.png"
5,[BT01]Descent of the King of Knights,BT01/006EN,CEO Amaterasu,Normal Unit,Oracle Think Tank,3,10000,-,"[CONT](VC):During your turn, if the number of cards in your hand is four or greater, this unit gets [Power] +4000. [AUTO](VC):At the beginning of your main phase, [Soul-Charge 1], look at the top card of your deck, and put that card on the top or the bottom of your deck. [AUTO](VC/RC):[Soul-Blast 8 & Counter-Blast 5] When this unit's attack hits, you may pay the cost. If you do, draw up to five cards.",https://en.cf-vanguard.com/cardlist/cardsearch/?cardno=BT01/006EN&expansion=5&view=text,https://en.cf-vanguard.com/wordpress/wp-content/images/cardlist/bt01/BT01_006EN.png,vanguard_scrape_out\images\BT01_006EN__CEO_Amaterasu.png
5,[BT01]Descent of the King of Knights,BT01/007EN,"Battle Sister, Cocoa",Normal Unit,Oracle Think Tank,1,6000,5000,"[AUTO]:When this unit is placed on (VC) or (RC), if you have an <Oracle Think Tank> vanguard, look at the top card of your deck, and put that card on the top or the bottom of your deck.",https://en.cf-vanguard.com/cardlist/cardsearch/?cardno=BT01/007EN&expansion=5&view=text,https://en.cf-vanguard.com/wordpress/wp-content/images/cardlist/bt01/BT01_007EN.png,"vanguard_scrape_out\images\BT01_007EN__Battle_Sister,_Cocoa.png"
5,[BT01]Descent of the King of Knights,BT01/008EN,Asura Kaiser,Normal Unit,Nova Grappler,3,11000,-,"[CONT](VC/RC):If you do not have another <Nova Grappler> vanguard or rear-guard, this unit gets [Power] -2000. [AUTO](VC):When this unit's drive check reveals a grade 3 <Nova Grappler>, choose one of your rear-guards, and [Stand] it.",https://en.cf-vanguard.com/cardlist/cardsearch/?cardno=BT01/008EN&expansion=5&view=text,https://en.cf-vanguard.com/wordpress/wp-content/images/cardlist/bt01/BT01_008EN.png,vanguard_scrape_out\images\BT01_008EN__Asura_Kaiser.png
5,[BT01]Descent of the King of Knights,BT01/009EN,"Demon Slaying Knight, Lohengrin",Normal Unit,Royal Paladin,3,10000,-,"[AUTO](VC):At the beginning of your main phase, [Soul-Charge 1], and this unit gets [Power] +2000 until end of turn. [AUTO](VC/RC):[Soul-Blast 8 & Counter-Blast 5] When this unit's attack hits, you may pay the cost. If you do, retire all of your opponent's rear-guards.",https://en.cf-vanguard.com/cardlist/cardsearch/?cardno=BT01/009EN&expansion=5&view=text,https://en.cf-vanguard.com/wordpress/wp-content/images/cardlist/bt01/BT01_009EN.png,"vanguard_scrape_out\images\BT01_009EN__Demon_Slaying_Knight,_Lohengrin.png"
5,[BT01]Descent of the King of Knights,BT01/010EN,"Solitary Knight, Gancelot",Normal Unit,Royal Paladin,3,9000,-,"[ACT](VC):[Counter-Blast 2] If you have a card named ""Blaster Blade"" in your soul, this unit gets [Power] +5000/[Critical] +1 until end of turn. [ACT](Hand):[Reveal this card to your opponent, and put it on top of your deck] Search your deck for up to one card named ""Blaster Blade"", reveal it to your opponent, put it into your hand, and shuffle your deck.",https://en.cf-vanguard.com/cardlist/cardsearch/?cardno=BT01/010EN&expansion=5&view=text,https://en.cf-vanguard.com/wordpress/wp-content/images/cardlist/bt01/BT01_010EN.png,"vanguard_scrape_out\images\BT01_010EN__Solitary_Knight,_Gancelot.png"
5,[BT01]Descent of the King of Knights,BT01/011EN,"Flash Shield, Iseult",Normal Unit,Royal Paladin,1,6000,0,"[CONT]:Sentinel (You may only have up to four cards with ""[CONT]:Sentinel"" in a deck.) [AUTO]:[Choose a <Royal Paladin> from your hand, and discard it] When this unit is placed on (GC), you may pay the cost. If you do, choose one of your <Royal Paladin> that is being attacked, and that unit cannot be hit until end of that battle.",https://en.cf-vanguard.com/cardlist/cardsearch/?cardno=BT01/011EN&expansion=5&view=text,https://en.cf-vanguard.com/wordpress/wp-content/images/cardlist/bt01/BT01_011EN.png,"vanguard_scrape_out\images\BT01_011EN__Flash_Shield,_Iseult.png"
5,[BT01]Descent of the King of Knights,BT01/012EN,"Future Knight, Llew",Trigger Unit,Royal Paladin,0,4000,10000,"[ACT](RC):[Counter-Blast 1 & Choose a unit named ""Future Knight, Llew"", a unit named ""Barcgal"", and a unit named ""Flogal"" from your (RC), and put them into your soul] If you have a grade 1 vanguard, search your deck for up to one card named ""Blaster Blade"", ride it, and shuffle your deck.",https://en.cf-vanguard.com/cardlist/cardsearch/?cardno=BT01/012EN&expansion=5&view=text,https://en.cf-vanguard.com/wordpress/wp-content/images/cardlist/bt01/BT01_012EN.png,"vanguard_scrape_out\images\BT01_012EN__Future_Knight,_Llew.png"
5,[BT01]Descent of the King of Knights,BT01/013EN,Vortex Dragon,Normal Unit,Kagero,3,10000,-,"[AUTO](VC):At the begininng of your main phase, [Soul-Charge 1], and this unit gets [Power] +2000 until end of turn. [ACT](VC/RC):[Soul-Blast 8 & Counter-Blast 5] Choose up to three of your opponent's rear-guards, and retire them.",https://en.cf-vanguard.com/cardlist/cardsearch/?cardno=BT01/013EN&expansion=5&view=text,https://en.cf-vanguard.com/wordpress/wp-content/images/cardlist/bt01/BT01_013EN.png,vanguard_scrape_out\images\BT01_013EN__Vortex_Dragon.png
5,[BT01]Descent of the King of Knights,BT01/014EN,"Dragon Knight, Aleph",Normal Unit,Kagero,2,9000,5000,"[ACT](VC):[Counter-Blast 1 & Choose a unit named ""Embodiment of Armor, Bahr"" and a unit named ""Embodiment of Spear, Tahr"" from your (RC), and put them into your soul] Search your deck for up to one card named ""Embodiment of Victory, Aleph"", ride it, and shuffle your deck.",https://en.cf-vanguard.com/cardlist/cardsearch/?cardno=BT01/014EN&expansion=5&view=text,https://en.cf-vanguard.com/wordpress/wp-content/images/cardlist/bt01/BT01_014EN.png,"vanguard_scrape_out\images\BT01_014EN__Dragon_Knight,_Aleph.png"
5,[BT01]Descent of the King of Knights,BT01/015EN,"Wyvern Guard, Barri",Normal Unit,Kagero,1,6000,0,"[CONT]:Sentinel (You may only have up to four cards with ""[CONT]:Sentinel"" in a deck.)[AUTO]:[Choose a <Kagero> from your hand, and discard it] When this unit is placed on (GC), you may pay the cost. If you do, choose one of your <Kagero> that is being attacked, and that unit cannot be hit until end of that battle.",https://en.cf-vanguard.com/cardlist/cardsearch/?cardno=BT01/015EN&expansion=5&view=text,https://en.cf-vanguard.com/wordpress/wp-content/images/cardlist/bt01/BT01_015EN.png,"vanguard_scrape_out\images\BT01_015EN__Wyvern_Guard,_Barri.png"
5,[BT01]Descent of the King of Knights,BT01/016EN,"Lizard Soldier, Conroe",Normal Unit,Kagero,0,5000,10000,"[AUTO]:When another <Kagero> rides this unit, you may call this card to a (RC). [ACT](RC):[Counter-Blast 1 & Retire this unit] Search your deck for up to one grade 1 or less <Kagero>, reveal it to your opponent, put it into your hand, and shuffle your deck.",https://en.cf-vanguard.com/cardlist/cardsearch/?cardno=BT01/016EN&expansion=5&view=text,https://en.cf-vanguard.com/wordpress/wp-content/images/cardlist/bt01/BT01_016EN.png,"vanguard_scrape_out\images\BT01_016EN__Lizard_Soldier,_Conroe.png"
5,[BT01]Descent of the King of Knights,BT01/017EN,Maiden of Libra,Normal Unit,Oracle Think Tank,2,9000,5000,"[AUTO](VC/RC):[Counter-Blast 2] When this unit's attack hits, if you have an <Oracle Think Tank> vanguard, you may pay the cost. If you do, draw a card.",https://en.cf-vanguard.com/cardlist/cardsearch/?cardno=BT01/017EN&expansion=5&view=text,https://en.cf-vanguard.com/wordpress/wp-content/images/cardlist/bt01/BT01_017EN.png,vanguard_scrape_out\images\BT01_017EN__Maiden_of_Libra.png
5,[BT01]Descent of the King of Knights,BT01/018EN,"Battle Sister, Mocha",Normal Unit,Oracle Think Tank,2,8000,5000,"[AUTO](VC/RC):When this unit attacks, if the number of cards in your hand is four or greater, this unit gets [Power] +3000 until end of that battle.",https://en.cf-vanguard.com/cardlist/cardsearch/?cardno=BT01/018EN&expansion=5&view=text,https://en.cf-vanguard.com/wordpress/wp-content/images/cardlist/bt01/BT01_018EN.png,"vanguard_scrape_out\images\BT01_018EN__Battle_Sister,_Mocha.png"
5,[BT01]Descent of the King of Knights,BT01/019EN,"Battle Sister, Chocolat",Normal Unit,Oracle Think Tank,1,6000,0,"[CONT]:Sentinel (You may only have up to four cards with ""[CONT]:Sentinel"" in a deck.)[AUTO]:[Choose a <Oracle Think Tank> from your hand, and discard it] When this unit is placed on (GC), you may pay the cost. If you do, choose one of your <Oracle Think Tank> that is being attacked, and that unit cannot be hit until end of that battle.",https://en.cf-vanguard.com/cardlist/cardsearch/?cardno=BT01/019EN&expansion=5&view=text,https://en.cf-vanguard.com/wordpress/wp-content/images/cardlist/bt01/BT01_019EN.png,"vanguard_scrape_out\images\BT01_019EN__Battle_Sister,_Chocolat.png"
5,[BT01]Descent of the King of Knights,BT01/020EN,Juggernaut Maximum,Normal Unit,Spike Brothers,3,11000,-,"[CONT](VC/RC):If you do not have another <<Spike Brothers> vanguard or rear-guard, this unit gets [Power] -2000. [AUTO](RC):[Soul-Blast 1] When this unit attacks, you may pay the cost. If you do, this unit gets [Power] +5000 until end of that battle, and at the beginning of the close step of that battle, return this unit to your deck, and shuffle your deck.",https://en.cf-vanguard.com/cardlist/cardsearch/?cardno=BT01/020EN&expansion=5&view=text,https://en.cf-vanguard.com/wordpress/wp-content/images/cardlist/bt01/BT01_020EN.png,vanguard_scrape_out\images\BT01_020EN__Juggernaut_Maximum.png
5,[BT01]Descent of the King of Knights,BT01/021EN,"Knight of Silence, Gallatin",Normal Unit,Royal Paladin,2,10000,5000,-,https://en.cf-vanguard.com/cardlist/cardsearch/?cardno=BT01/021EN&expansion=5&view=text,https://en.cf-vanguard.com/wordpress/wp-content/images/cardlist/bt01/BT01_021EN.png,"vanguard_scrape_out\images\BT01_021EN__Knight_of_Silence,_Gallatin.png"
5,[BT01]Descent of the King of Knights,BT01/022EN,"Dragon Knight, Nehalem",Normal Unit,Kagero,2,10000,5000,-,https://en.cf-vanguard.com/cardlist/cardsearch/?cardno=BT01/022EN&expansion=5&view=text,https://en.cf-vanguard.com/wordpress/wp-content/images/cardlist/bt01/BT01_022EN.png,"vanguard_scrape_out\images\BT01_022EN__Dragon_Knight,_Nehalem.png"
5,[BT01]Descent of the King of Knights,BT01/023EN,"Wyvern Strike, Tejas",Normal Unit,Kagero,2,8000,5000,"[CONT](VC/RC):If this unit would attack, it may instead attack an opponent's unit in the back row of the same column as this unit.",https://en.cf-vanguard.com/cardlist/cardsearch/?cardno=BT01/023EN&expansion=5&view=text,https://en.cf-vanguard.com/wordpress/wp-content/images/cardlist/bt01/BT01_023EN.png,"vanguard_scrape_out\images\BT01_023EN__Wyvern_Strike,_Tejas.png"
5,[BT01]Descent of the King of Knights,BT01/024EN,"Embodiment of Spear, Tahr",Trigger Unit,Kagero,0,5000,10000,-,https://en.cf-vanguard.com/cardlist/cardsearch/?cardno=BT01/024EN&expansion=5&view=text,https://en.cf-vanguard.com/wordpress/wp-content/images/cardlist/bt01/BT01_024EN.png,"vanguard_scrape_out\images\BT01_024EN__Embodiment_of_Spear,_Tahr.png"
5,[BT01]Descent of the King of Knights,BT01/025EN,"Oracle Guardian, Apollon",Normal Unit,Oracle Think Tank,3,10000,-,"[AUTO](VC):[Counter-Blast 2] When this unit's attack hits, you may pay the cost. If you do, draw two cards, choose a card from your hand, return it to your deck, and shuffle your deck. [AUTO](RC):[Counter-Blast 2] When this unit's attack hits, you may pay the cost. If you do, draw a card.",https://en.cf-vanguard.com/cardlist/cardsearch/?cardno=BT01/025EN&expansion=5&view=text,https://en.cf-vanguard.com/wordpress/wp-content/images/cardlist/bt01/BT01_025EN.png,"vanguard_scrape_out\images\BT01_025EN__Oracle_Guardian,_Apollon.png"
5,[BT01]Descent of the King of Knights,BT01/026EN,"Oracle Guardian, Wiseman",Normal Unit,Oracle Think Tank,2,10000,5000,-,https://en.cf-vanguard.com/cardlist/cardsearch/?cardno=BT01/026EN&expansion=5&view=text,https://en.cf-vanguard.com/wordpress/wp-content/images/cardlist/bt01/BT01_026EN.png,"vanguard_scrape_out\images\BT01_026EN__Oracle_Guardian,_Wiseman.png"
5,[BT01]Descent of the King of Knights,BT01/027EN,Lozenge Magus,Trigger Unit,Oracle Think Tank,0,3000,10000,"(You may only have up to four cards with ""[Heal] HEAL"" in a deck.) [AUTO]:When another <Oracle Think Tank> rides this unit, you may call this card to (RC). [AUTO](RC):When this unit boosts, the boosted unit gets [Power] +3000 until end of that battle, and at the begininng of the end phase of that turn, return this unit to your deck, and shuffle your deck.",https://en.cf-vanguard.com/cardlist/cardsearch/?cardno=BT01/027EN&expansion=5&view=text,https://en.cf-vanguard.com/wordpress/wp-content/images/cardlist/bt01/BT01_027EN.png,vanguard_scrape_out\images\BT01_027EN__Lozenge_Magus.png
5,[BT01]Descent of the King of Knights,BT01/028EN,Mr. Invincible,Normal Unit,Nova Grappler,3,10000,-,"[AUTO](VC):At the beginning of your main phase, [Soul-Chage 1], choose a card from your damage zone, and turn it face up. [AUTO](VC/RC):[Soul-Blast 8 & Counter-Blast 5] When this unit's attack hits, you may pay the cost. If you do, [Stand] all of your units.",https://en.cf-vanguard.com/cardlist/cardsearch/?cardno=BT01/028EN&expansion=5&view=text,https://en.cf-vanguard.com/wordpress/wp-content/images/cardlist/bt01/BT01_028EN.png,vanguard_scrape_out\images\BT01_028EN__Mr._Invincible.png
5,[BT01]Descent of the King of Knights,BT01/029EN,Brutal Jack,Normal Unit,Nova Grappler,2,11000,5000,"[CONT](VC/RC):Restraint (This unit cannnot attack.)[ACT](VC/RC):[Counter-Blast 1] Until end of turn, this unit loses ""Restraint"". [AUTO](VC):When this unit is boosted by a <Nova Grappler>, this unit gets [Power] +5000 until end of that battle.",https://en.cf-vanguard.com/cardlist/cardsearch/?cardno=BT01/029EN&expansion=5&view=text,https://en.cf-vanguard.com/wordpress/wp-content/images/cardlist/bt01/BT01_029EN.png,vanguard_scrape_out\images\BT01_029EN__Brutal_Jack.png
5,[BT01]Descent of the King of Knights,BT01/030EN,King of Sword,Normal Unit,Nova Grappler,2,10000,5000,-,https://en.cf-vanguard.com/cardlist/cardsearch/?cardno=BT01/030EN&expansion=5&view=text,https://en.cf-vanguard.com/wordpress/wp-content/images/cardlist/bt01/BT01_030EN.png,vanguard_scrape_out\images\BT01_030EN__King_of_Sword.png
5,[BT01]Descent of the King of Knights,BT01/031EN,Queen of Heart,Normal Unit,Nova Grappler,1,6000,5000,"[AUTO](RC):When this unit boosts a unit named ""King of Sword"", the boosted unit gets [Power] +4000 until end of that battle.",https://en.cf-vanguard.com/cardlist/cardsearch/?cardno=BT01/031EN&expansion=5&view=text,https://en.cf-vanguard.com/wordpress/wp-content/images/cardlist/bt01/BT01_031EN.png,vanguard_scrape_out\images\BT01_031EN__Queen_of_Heart.png
5,[BT01]Descent of the King of Knights,BT01/032EN,Battleraizer,Trigger Unit,Nova Grappler,0,3000,10000,"[AUTO]:When another <Nova Grappler> rides this unit, you may call this card to (RC). [AUTO](RC):When this unit boosts, the boosted unit gets [Power] +3000 until end of that battle, and at the begininng of the end phase of that turn, return this unit to your deck, and shuffle your deck.",https://en.cf-vanguard.com/cardlist/cardsearch/?cardno=BT01/032EN&expansion=5&view=text,https://en.cf-vanguard.com/wordpress/wp-content/images/cardlist/bt01/BT01_032EN.png,vanguard_scrape_out\images\BT01_032EN__Battleraizer.png
5,[BT01]Descent of the King of Knights,BT01/033EN,"Tyrant, Deathrex",Normal Unit,Tachikaze,3,10000,-,"[AUTO](VC):When this unit attacks, this unit gets [Power] +5000 until end of that battle. [AUTO](VC):When this unit's attack hits, choose one of your rear-guards, and retire it.",https://en.cf-vanguard.com/cardlist/cardsearch/?cardno=BT01/033EN&expansion=5&view=text,https://en.cf-vanguard.com/wordpress/wp-content/images/cardlist/bt01/BT01_033EN.png,"vanguard_scrape_out\images\BT01_033EN__Tyrant,_Deathrex.png"
5,[BT01]Descent of the King of Knights,BT01/034EN,"Assault Dragon, Blightops",Normal Unit,Tachikaze,2,9000,5000,"[AUTO]:[Counter-Blast 1] When this unit is put into the drop zone from (RC), you may pay the cost. If you do, search your deck for up to one card named ""Ironclad Dragon, Shieldon"", reveal it to your opponent, put it into your hand, and shuffle your deck.",https://en.cf-vanguard.com/cardlist/cardsearch/?cardno=BT01/034EN&expansion=5&view=text,https://en.cf-vanguard.com/wordpress/wp-content/images/cardlist/bt01/BT01_034EN.png,"vanguard_scrape_out\images\BT01_034EN__Assault_Dragon,_Blightops.png"
5,[BT01]Descent of the King of Knights,BT01/035EN,"Stealth Dragon, Voidmaster",Normal Unit,Nubatama,3,9000,-,"[AUTO](VC):When this unit attacks, if the number of cards in your hand is greater than your opponent's, this unit gets [Power] +3000 until end of that battle. [AUTO](VC/RC):[Counter-Blast 1] When this unit's attack hits, if the number of cards in your hand is less than your opponent's, you may pay the cost. If you do, your opponent chooses a card from his or her hand, and discards it.",https://en.cf-vanguard.com/cardlist/cardsearch/?cardno=BT01/035EN&expansion=5&view=text,https://en.cf-vanguard.com/wordpress/wp-content/images/cardlist/bt01/BT01_035EN.png,"vanguard_scrape_out\images\BT01_035EN__Stealth_Dragon,_Voidmaster.png"
5,[BT01]Descent of the King of Knights,BT01/036EN,Demon Eater,Normal Unit,Dark Irregulars,3,10000,-,"[AUTO](VC):At the beginning of your main phase, [Soul-Charge 1], and this unit gets [Power] +2000 until end of turn. [AUTO](VC/RC):[Soul-Blast 8 & Counter-Blast 5] When this unit's attack hits, you may pay the cost. If you do, retire all of your opponent's rear-guards.",https://en.cf-vanguard.com/cardlist/cardsearch/?cardno=BT01/036EN&expansion=5&view=text,https://en.cf-vanguard.com/wordpress/wp-content/images/cardlist/bt01/BT01_036EN.png,vanguard_scrape_out\images\BT01_036EN__Demon_Eater.png
5,[BT01]Descent of the King of Knights,BT01/037EN,Monster Frank,Normal Unit,Granblue,3,10000,-,"[ACT][Drop zone]:[Counter-Blast 3] If you have a grade 2 vanguard, ride this card.",https://en.cf-vanguard.com/cardlist/cardsearch/?cardno=BT01/037EN&expansion=5&view=text,https://en.cf-vanguard.com/wordpress/wp-content/images/cardlist/bt01/BT01_037EN.png,vanguard_scrape_out\images\BT01_037EN__Monster_Frank.png
5,[BT01]Descent of the King of Knights,BT01/038EN,Commodore Blueblood,Normal Unit,Granblue,2,10000,5000,-,https://en.cf-vanguard.com/cardlist/cardsearch/?cardno=BT01/038EN&expansion=5&view=text,https://en.cf-vanguard.com/wordpress/wp-content/images/cardlist/bt01/BT01_038EN.png,vanguard_scrape_out\images\BT01_038EN__Commodore_Blueblood.png
5,[BT01]Descent of the King of Knights,BT01/039EN,Hell Spider,Normal Unit,Megacolony,3,10000,-,"[CONT](VC):During your turn, if all of your opponent's vanguard and rear-guards are Rest , this unit gets [Power] +3000. [AUTO]:[Counter-Blast 2] When this unit is placed on (VC) or (RC), you may pay the cost. If you do, choose one of your opponent's rear-guards, and the chosen unit cannot [Stand] during your opponent's next stand phase.",https://en.cf-vanguard.com/cardlist/cardsearch/?cardno=BT01/039EN&expansion=5&view=text,https://en.cf-vanguard.com/wordpress/wp-content/images/cardlist/bt01/BT01_039EN.png,vanguard_scrape_out\images\BT01_039EN__Hell_Spider.png
5,[BT01]Descent of the King of Knights,BT01/040EN,Bloody Hercules,Normal Unit,Megacolony,2,10000,5000,-,https://en.cf-vanguard.com/cardlist/cardsearch/?cardno=BT01/040EN&expansion=5&view=text,https://en.cf-vanguard.com/wordpress/wp-content/images/cardlist/bt01/BT01_040EN.png,vanguard_scrape_out\images\BT01_040EN__Bloody_Hercules.png
5,[BT01]Descent of the King of Knights,BT01/041EN,"Covenant Knight, Randolf",Normal Unit,Royal Paladin,2,8000,5000,"[AUTO](VC/RC):When this unit attacks, if the number of cards in your hand is greater than your opponent's, this unit gets [Power] +3000 until end of that battle.",https://en.cf-vanguard.com/cardlist/cardsearch/?cardno=BT01/041EN&expansion=5&view=text,https://en.cf-vanguard.com/wordpress/wp-content/images/cardlist/bt01/BT01_041EN.png,"vanguard_scrape_out\images\BT01_041EN__Covenant_Knight,_Randolf.png"
5,[BT01]Descent of the King of Knights,BT01/042EN,"Little Sage, Marron",Normal Unit,Royal Paladin,1,8000,5000,-,https://en.cf-vanguard.com/cardlist/cardsearch/?cardno=BT01/042EN&expansion=5&view=text,https://en.cf-vanguard.com/wordpress/wp-content/images/cardlist/bt01/BT01_042EN.png,"vanguard_scrape_out\images\BT01_042EN__Little_Sage,_Marron.png"
5,[BT01]Descent of the King of Knights,BT01/043EN,"Lake Maiden, Lien",Normal Unit,Royal Paladin,1,7000,5000,"[ACT](VC/RC):[Rest this unit & Choose a card from your hand, and discard it] Draw a card.",https://en.cf-vanguard.com/cardlist/cardsearch/?cardno=BT01/043EN&expansion=5&view=text,https://en.cf-vanguard.com/wordpress/wp-content/images/cardlist/bt01/BT01_043EN.png,"vanguard_scrape_out\images\BT01_043EN__Lake_Maiden,_Lien.png"
5,[BT01]Descent of the King of Knights,BT01/044EN,Wingal,Normal Unit,Royal Paladin,1,6000,5000,"[AUTO](RC):When this unit boosts a card named ""Blaster Blade"", the boosted unit gets [Power] +4000 until end of that battle.",https://en.cf-vanguard.com/cardlist/cardsearch/?cardno=BT01/044EN&expansion=5&view=text,https://en.cf-vanguard.com/wordpress/wp-content/images/cardlist/bt01/BT01_044EN.png,vanguard_scrape_out\images\BT01_044EN__Wingal.png
5,[BT01]Descent of the King of Knights,BT01/045EN,"Weapons Dealer, Govannon",Trigger Unit,Royal Paladin,0,5000,5000,-,https://en.cf-vanguard.com/cardlist/cardsearch/?cardno=BT01/045EN&expansion=5&view=text,https://en.cf-vanguard.com/wordpress/wp-content/images/cardlist/bt01/BT01_045EN.png,"vanguard_scrape_out\images\BT01_045EN__Weapons_Dealer,_Govannon.png"
5,[BT01]Descent of the King of Knights,BT01/046EN,Flogal,Trigger Unit,Royal Paladin,0,5000,10000,-,https://en.cf-vanguard.com/cardlist/cardsearch/?cardno=BT01/046EN&expansion=5&view=text,https://en.cf-vanguard.com/wordpress/wp-content/images/cardlist/bt01/BT01_046EN.png,vanguard_scrape_out\images\BT01_046EN__Flogal.png
5,[BT01]Descent of the King of Knights,BT01/047EN,"Yggdrasil Maiden, Elaine",Trigger Unit,Royal Paladin,0,5000,10000,"(You may only have up to four cards with ""[Heal] HEAL"" in a deck.)",https://en.cf-vanguard.com/cardlist/cardsearch/?cardno=BT01/047EN&expansion=5&view=text,https://en.cf-vanguard.com/wordpress/wp-content/images/cardlist/bt01/BT01_047EN.png,"vanguard_scrape_out\images\BT01_047EN__Yggdrasil_Maiden,_Elaine.png"
5,[BT01]Descent of the King of Knights,BT01/048EN,"Embodiment of Armor, Bahr",Normal Unit,Kagero,1,8000,5000,-,https://en.cf-vanguard.com/cardlist/cardsearch/?cardno=BT01/048EN&expansion=5&view=text,https://en.cf-vanguard.com/wordpress/wp-content/images/cardlist/bt01/BT01_048EN.png,"vanguard_scrape_out\images\BT01_048EN__Embodiment_of_Armor,_Bahr.png"
5,[BT01]Descent of the King of Knights,BT01/049EN,"Dragon Monk, Gojo",Normal Unit,Kagero,1,7000,5000,"[ACT](VC/RC):[Rest this unit & Choose a card from your hand, and discard it] Draw a card.",https://en.cf-vanguard.com/cardlist/cardsearch/?cardno=BT01/049EN&expansion=5&view=text,https://en.cf-vanguard.com/wordpress/wp-content/images/cardlist/bt01/BT01_049EN.png,"vanguard_scrape_out\images\BT01_049EN__Dragon_Monk,_Gojo.png"
5,[BT01]Descent of the King of Knights,BT01/050EN,"Wyvern Strike, Jarran",Normal Unit,Kagero,1,6000,5000,"[AUTO](RC):When this unit boosts a card named ""Wyvern Strike, Tejas"", the boosted unit gets [Power] +4000 until end of that battle.",https://en.cf-vanguard.com/cardlist/cardsearch/?cardno=BT01/050EN&expansion=5&view=text,https://en.cf-vanguard.com/wordpress/wp-content/images/cardlist/bt01/BT01_050EN.png,"vanguard_scrape_out\images\BT01_050EN__Wyvern_Strike,_Jarran.png"
5,[BT01]Descent of the King of Knights,BT01/051EN,"Dragon Dancer, Monica",Trigger Unit,Kagero,0,5000,5000,-,https://en.cf-vanguard.com/cardlist/cardsearch/?cardno=BT01/051EN&expansion=5&view=text,https://en.cf-vanguard.com/wordpress/wp-content/images/cardlist/bt01/BT01_051EN.png,"vanguard_scrape_out\images\BT01_051EN__Dragon_Dancer,_Monica.png"
5,[BT01]Descent of the King of Knights,BT01/052EN,"Lizard Soldier, Ganlu",Trigger Unit,Kagero,0,5000,10000,-,https://en.cf-vanguard.com/cardlist/cardsearch/?cardno=BT01/052EN&expansion=5&view=text,https://en.cf-vanguard.com/wordpress/wp-content/images/cardlist/bt01/BT01_052EN.png,"vanguard_scrape_out\images\BT01_052EN__Lizard_Soldier,_Ganlu.png"
5,[BT01]Descent of the King of Knights,BT01/053EN,"Dragon Monk, Genjo",Trigger Unit,Kagero,0,5000,10000,"(You may only have up to four cards with ""[Heal] HEAL"" in a deck.)",https://en.cf-vanguard.com/cardlist/cardsearch/?cardno=BT01/053EN&expansion=5&view=text,https://en.cf-vanguard.com/wordpress/wp-content/images/cardlist/bt01/BT01_053EN.png,"vanguard_scrape_out\images\BT01_053EN__Dragon_Monk,_Genjo.png"
5,[BT01]Descent of the King of Knights,BT01/054EN,"Oracle Guardian, Gemini",Normal Unit,Oracle Think Tank,1,8000,5000,-,https://en.cf-vanguard.com/cardlist/cardsearch/?cardno=BT01/054EN&expansion=5&view=text,https://en.cf-vanguard.com/wordpress/wp-content/images/cardlist/bt01/BT01_054EN.png,"vanguard_scrape_out\images\BT01_054EN__Oracle_Guardian,_Gemini.png"
5,[BT01]Descent of the King of Knights,BT01/055EN,"Weather Girl, Milk",Normal Unit,Oracle Think Tank,1,6000,5000,"[AUTO](RC):When this unit boosts an <Oracle Think Tank> vanguard, if the number of cards in your hand is four or greater, the boosted unit gets [Power] +4000 until end of that battle.",https://en.cf-vanguard.com/cardlist/cardsearch/?cardno=BT01/055EN&expansion=5&view=text,https://en.cf-vanguard.com/wordpress/wp-content/images/cardlist/bt01/BT01_055EN.png,"vanguard_scrape_out\images\BT01_055EN__Weather_Girl,_Milk.png"
5,[BT01]Descent of the King of Knights,BT01/056EN,"Oracle Guardian, Nike",Trigger Unit,Oracle Think Tank,0,5000,10000,-,https://en.cf-vanguard.com/cardlist/cardsearch/?cardno=BT01/056EN&expansion=5&view=text,https://en.cf-vanguard.com/wordpress/wp-content/images/cardlist/bt01/BT01_056EN.png,"vanguard_scrape_out\images\BT01_056EN__Oracle_Guardian,_Nike.png"
5,[BT01]Descent of the King of Knights,BT01/057EN,Dream Eater,Trigger Unit,Oracle Think Tank,0,5000,5000,-,https://en.cf-vanguard.com/cardlist/cardsearch/?cardno=BT01/057EN&expansion=5&view=text,https://en.cf-vanguard.com/wordpress/wp-content/images/cardlist/bt01/BT01_057EN.png,vanguard_scrape_out\images\BT01_057EN__Dream_Eater.png
5,[BT01]Descent of the King of Knights,BT01/058EN,Miracle Kid,Trigger Unit,Oracle Think Tank,0,5000,5000,-,https://en.cf-vanguard.com/cardlist/cardsearch/?cardno=BT01/058EN&expansion=5&view=text,https://en.cf-vanguard.com/wordpress/wp-content/images/cardlist/bt01/BT01_058EN.png,vanguard_scrape_out\images\BT01_058EN__Miracle_Kid.png
5,[BT01]Descent of the King of Knights,BT01/059EN,Hungry Dumpty,Normal Unit,Nova Grappler,2,9000,5000,"[AUTO]:When this unit is placed on (RC), if you have a <Nova Grappler> vanguard, choose a card from your damage zone, and turn it face up.",https://en.cf-vanguard.com/cardlist/cardsearch/?cardno=BT01/059EN&expansion=5&view=text,https://en.cf-vanguard.com/wordpress/wp-content/images/cardlist/bt01/BT01_059EN.png,vanguard_scrape_out\images\BT01_059EN__Hungry_Dumpty.png
5,[BT01]Descent of the King of Knights,BT01/060EN,Tough Boy,Normal Unit,Nova Grappler,1,8000,5000,-,https://en.cf-vanguard.com/cardlist/cardsearch/?cardno=BT01/060EN&expansion=5&view=text,https://en.cf-vanguard.com/wordpress/wp-content/images/cardlist/bt01/BT01_060EN.png,vanguard_scrape_out\images\BT01_060EN__Tough_Boy.png
5,[BT01]Descent of the King of Knights,BT01/061EN,"Screamin' and Dancin' Announcer, Shout",Normal Unit,Nova Grappler,1,7000,5000,"[ACT](VC/RC):[Rest this unit & Choose a card from your hand, and discard it] Draw a card.",https://en.cf-vanguard.com/cardlist/cardsearch/?cardno=BT01/061EN&expansion=5&view=text,https://en.cf-vanguard.com/wordpress/wp-content/images/cardlist/bt01/BT01_061EN.png,"vanguard_scrape_out\images\BT01_061EN__Screamin'_and_Dancin'_Announcer,_Shout.png"
5,[BT01]Descent of the King of Knights,BT01/062EN,Clay-doll Mechanic,Normal Unit,Nova Grappler,1,7000,5000,"[AUTO]:When this unit is placed on (RC), if you have a <Nova Grappler> vanguard, choose a card from your damage zone, and turn it face up.",https://en.cf-vanguard.com/cardlist/cardsearch/?cardno=BT01/062EN&expansion=5&view=text,https://en.cf-vanguard.com/wordpress/wp-content/images/cardlist/bt01/BT01_062EN.png,vanguard_scrape_out\images\BT01_062EN__Clay-doll_Mechanic.png
5,[BT01]Descent of the King of Knights,BT01/063EN,Shining Lady,Trigger Unit,Nova Grappler,0,5000,10000,-,https://en.cf-vanguard.com/cardlist/cardsearch/?cardno=BT01/063EN&expansion=5&view=text,https://en.cf-vanguard.com/wordpress/wp-content/images/cardlist/bt01/BT01_063EN.png,vanguard_scrape_out\images\BT01_063EN__Shining_Lady.png
5,[BT01]Descent of the King of Knights,BT01/064EN,Lucky Girl,Trigger Unit,Nova Grappler,0,5000,10000,-,https://en.cf-vanguard.com/cardlist/cardsearch/?cardno=BT01/064EN&expansion=5&view=text,https://en.cf-vanguard.com/wordpress/wp-content/images/cardlist/bt01/BT01_064EN.png,vanguard_scrape_out\images\BT01_064EN__Lucky_Girl.png
5,[BT01]Descent of the King of Knights,BT01/065EN,"Ring Girl, Clara",Trigger Unit,Nova Grappler,0,5000,10000,"(You may only have up to four cards with ""[Heal] HEAL"" in a deck.)",https://en.cf-vanguard.com/cardlist/cardsearch/?cardno=BT01/065EN&expansion=5&view=text,https://en.cf-vanguard.com/wordpress/wp-content/images/cardlist/bt01/BT01_065EN.png,"vanguard_scrape_out\images\BT01_065EN__Ring_Girl,_Clara.png"
5,[BT01]Descent of the King of Knights,BT01/066EN,Sonic Noa,Normal Unit,Tachikaze,1,8000,5000,-,https://en.cf-vanguard.com/cardlist/cardsearch/?cardno=BT01/066EN&expansion=5&view=text,https://en.cf-vanguard.com/wordpress/wp-content/images/cardlist/bt01/BT01_066EN.png,vanguard_scrape_out\images\BT01_066EN__Sonic_Noa.png
5,[BT01]Descent of the King of Knights,BT01/067EN,"Ironclad Dragon, Shieldon",Normal Unit,Tachikaze,0,6000,10000,-,https://en.cf-vanguard.com/cardlist/cardsearch/?cardno=BT01/067EN&expansion=5&view=text,https://en.cf-vanguard.com/wordpress/wp-content/images/cardlist/bt01/BT01_067EN.png,"vanguard_scrape_out\images\BT01_067EN__Ironclad_Dragon,_Shieldon.png"
5,[BT01]Descent of the King of Knights,BT01/068EN,"Stealth Beast, Chigasumi",Normal Unit,Nubatama,2,8000,5000,"[AUTO](VC/RC):When this unit attacks, if the number of cards in your hand is greater than your opponent's, this unit gets [Power] +3000 until end of that battle.",https://en.cf-vanguard.com/cardlist/cardsearch/?cardno=BT01/068EN&expansion=5&view=text,https://en.cf-vanguard.com/wordpress/wp-content/images/cardlist/bt01/BT01_068EN.png,"vanguard_scrape_out\images\BT01_068EN__Stealth_Beast,_Chigasumi.png"
5,[BT01]Descent of the King of Knights,BT01/069EN,"Stealth Dragon, Dreadmaster",Normal Unit,Nubatama,1,7000,5000,"[AUTO](RC):[Counter-Blast 1] When an attack hits during the battle that this unit boosted a <Nubatama>, if the number of cards in your hand is less than your opponent's, you may pay the cost. If you do, your opponent chooses a card from his or her hand, and discards it.",https://en.cf-vanguard.com/cardlist/cardsearch/?cardno=BT01/069EN&expansion=5&view=text,https://en.cf-vanguard.com/wordpress/wp-content/images/cardlist/bt01/BT01_069EN.png,"vanguard_scrape_out\images\BT01_069EN__Stealth_Dragon,_Dreadmaster.png"
5,[BT01]Descent of the King of Knights,BT01/070EN,"Stealth Beast, Hagakure",Normal Unit,Nubatama,0,5000,10000,"[AUTO]:[Counter-Blast 1] When this unit is placed on (GC), if you have a <Nubatama> vanguard, and the number of cards in your hand is less than your opponent's, you may pay the cost. If you do, your opponent chooses a card from his or her hand, and discards it.",https://en.cf-vanguard.com/cardlist/cardsearch/?cardno=BT01/070EN&expansion=5&view=text,https://en.cf-vanguard.com/wordpress/wp-content/images/cardlist/bt01/BT01_070EN.png,"vanguard_scrape_out\images\BT01_070EN__Stealth_Beast,_Hagakure.png"
5,[BT01]Descent of the King of Knights,BT01/071EN,Blue Dust,Normal Unit,Dark Irregulars,2,9000,5000,"[AUTO](VC/RC):When this unit's attack hits, if you have a <Dark Irregulars> vanguard, you may [Soul-Charge 1].",https://en.cf-vanguard.com/cardlist/cardsearch/?cardno=BT01/071EN&expansion=5&view=text,https://en.cf-vanguard.com/wordpress/wp-content/images/cardlist/bt01/BT01_071EN.png,vanguard_scrape_out\images\BT01_071EN__Blue_Dust.png
5,[BT01]Descent of the King of Knights,BT01/072EN,Nightmare Baby,Normal Unit,Dark Irregulars,1,6000,5000,"[AUTO](RC):When this unit boosts a unit named ""Blue Dust"", the boosted unit gets [Power] +4000 until end of that battle.",https://en.cf-vanguard.com/cardlist/cardsearch/?cardno=BT01/072EN&expansion=5&view=text,https://en.cf-vanguard.com/wordpress/wp-content/images/cardlist/bt01/BT01_072EN.png,vanguard_scrape_out\images\BT01_072EN__Nightmare_Baby.png
5,[BT01]Descent of the King of Knights,BT01/073EN,Rock the Wall,Normal Unit,Dark Irregulars,0,5000,10000,"[AUTO]:When this unit is put into the drop zone from (GC), put this card into your soul.",https://en.cf-vanguard.com/cardlist/cardsearch/?cardno=BT01/073EN&expansion=5&view=text,https://en.cf-vanguard.com/wordpress/wp-content/images/cardlist/bt01/BT01_073EN.png,vanguard_scrape_out\images\BT01_073EN__Rock_the_Wall.png
5,[BT01]Descent of the King of Knights,BT01/074EN,"Highspeed, Brakki",Normal Unit,Spike Brothers,2,9000,5000,"[AUTO](RC):[Soul-Blast 1] When this unit attacks, you may pay the cost. If you do, this unit gets [Power] +5000 until end of that battle, and at the beginning of the close step of that battle, return this unit to your deck, and shuffle your deck.",https://en.cf-vanguard.com/cardlist/cardsearch/?cardno=BT01/074EN&expansion=5&view=text,https://en.cf-vanguard.com/wordpress/wp-content/images/cardlist/bt01/BT01_074EN.png,"vanguard_scrape_out\images\BT01_074EN__Highspeed,_Brakki.png"
5,[BT01]Descent of the King of Knights,BT01/075EN,Wonder Boy,Normal Unit,Spike Brothers,1,8000,5000,-,https://en.cf-vanguard.com/cardlist/cardsearch/?cardno=BT01/075EN&expansion=5&view=text,https://en.cf-vanguard.com/wordpress/wp-content/images/cardlist/bt01/BT01_075EN.png,vanguard_scrape_out\images\BT01_075EN__Wonder_Boy.png
5,[BT01]Descent of the King of Knights,BT01/076EN,"Redshoe, Milly",Normal Unit,Spike Brothers,0,5000,10000,"[AUTO]:When this unit is put into the drop zone from (GC), put this card into your soul.",https://en.cf-vanguard.com/cardlist/cardsearch/?cardno=BT01/076EN&expansion=5&view=text,https://en.cf-vanguard.com/wordpress/wp-content/images/cardlist/bt01/BT01_076EN.png,"vanguard_scrape_out\images\BT01_076EN__Redshoe,_Milly.png"
5,[BT01]Descent of the King of Knights,BT01/077EN,"Dandy Guy, Romario",Normal Unit,Granblue,1,8000,5000,-,https://en.cf-vanguard.com/cardlist/cardsearch/?cardno=BT01/077EN&expansion=5&view=text,https://en.cf-vanguard.com/wordpress/wp-content/images/cardlist/bt01/BT01_077EN.png,"vanguard_scrape_out\images\BT01_077EN__Dandy_Guy,_Romario.png"
5,[BT01]Descent of the King of Knights,BT01/078EN,Guiding Zombie,Normal Unit,Granblue,0,5000,10000,"[AUTO]:When another <Granblue> rides this unit, you may call this card to (RC). [ACT](RC):[Put this unit into your soul] Put three cards from the top of your deck into your drop zone.",https://en.cf-vanguard.com/cardlist/cardsearch/?cardno=BT01/078EN&expansion=5&view=text,https://en.cf-vanguard.com/wordpress/wp-content/images/cardlist/bt01/BT01_078EN.png,vanguard_scrape_out\images\BT01_078EN__Guiding_Zombie.png
5,[BT01]Descent of the King of Knights,BT01/079EN,Karma Queen,Normal Unit,Megacolony,1,7000,5000,"[AUTO]:[Counter-Blast 2] When this unit is placed on (VC) or (RC), you may pay the cost. If you do, choose one of your opponent's rear-guards, and the chosen unit cannot [Stand] during your opponent's next stand phase.",https://en.cf-vanguard.com/cardlist/cardsearch/?cardno=BT01/079EN&expansion=5&view=text,https://en.cf-vanguard.com/wordpress/wp-content/images/cardlist/bt01/BT01_079EN.png,vanguard_scrape_out\images\BT01_079EN__Karma_Queen.png
5,[BT01]Descent of the King of Knights,BT01/080EN,Madame Mirage,Normal Unit,Megacolony,0,6000,10000,-,https://en.cf-vanguard.com/cardlist/cardsearch/?cardno=BT01/080EN&expansion=5&view=text,https://en.cf-vanguard.com/wordpress/wp-content/images/cardlist/bt01/BT01_080EN.png,vanguard_scrape_out\images\BT01_080EN__Madame_Mirage.png
5,[BT01]Descent of the King of Knights,BT01/S01EN,"King of Knights, Alfred",Normal Unit,Royal Paladin,3,10000,-,"[CONT](VC):Your units cannot boost this unit. [CONT](VC):During your turn, this unit gets [Power] +2000 for each of your <Royal Paladin> rear-guards. [ACT](VC/RC):[Counter-Blast 3] Search your deck for up to one grade 2 or less <Royal Paladin>, call it to (RC), and shuffle your deck.",https://en.cf-vanguard.com/cardlist/cardsearch/?cardno=BT01/S01EN&expansion=5&view=text,https://en.cf-vanguard.com/wordpress/wp-content/images/cardlist/bt01/BT01_S01EN.png,"vanguard_scrape_out\images\BT01_S01EN__King_of_Knights,_Alfred.png"
5,[BT01]Descent of the King of Knights,BT01/S02EN,Blaster Blade,Normal Unit,Royal Paladin,2,9000,5000,"[AUTO]:[Counter-Blast 2] When this unit is placed on (VC), you may pay the cost. If you do, choose an opponent's rear-guard, and retire it. [AUTO]:[Counter-Blast 2] When this unit is placed on (RC), if you have a <Royal Paladin> vanguard, you may pay the cost. If you do, choose an opponent's grade 2 or greater rear-guard, and retire it.",https://en.cf-vanguard.com/cardlist/cardsearch/?cardno=BT01/S02EN&expansion=5&view=text,https://en.cf-vanguard.com/wordpress/wp-content/images/cardlist/bt01/BT01_S02EN.png,vanguard_scrape_out\images\BT01_S02EN__Blaster_Blade.png
5,[BT01]Descent of the King of Knights,BT01/S03EN,Barcgal,Normal Unit,Royal Paladin,0,4000,10000,"[AUTO]:When another <Royal Paladin> rides this unit, you may call this card to (RC). [ACT](RC):[Rest this unit] Search your deck for up to one card named ""Future Knight, Llew"" or ""Flogal"", call it to (RC), and shuffle your deck.",https://en.cf-vanguard.com/cardlist/cardsearch/?cardno=BT01/S03EN&expansion=5&view=text,https://en.cf-vanguard.com/wordpress/wp-content/images/cardlist/bt01/BT01_S03EN.png,vanguard_scrape_out\images\BT01_S03EN__Barcgal.png
5,[BT01]Descent of the King of Knights,BT01/S04EN,Dragonic Overlord,Normal Unit,Kagero,3,11000,-,"[CONT](VC/RC):If you do not have another <Kagero> vanguard or rear-guard, this unit gets [Power] -2000. [ACT](VC/RC):[Counter-Blast 3] Until end of turn, this unit gets [Power] +5000, gets ""Own(VC/RC):When this unit's attack hits an opponent's rear-guard, [Stand] this unit"", and loses ""Twin Drive!!"".",https://en.cf-vanguard.com/cardlist/cardsearch/?cardno=BT01/S04EN&expansion=5&view=text,https://en.cf-vanguard.com/wordpress/wp-content/images/cardlist/bt01/BT01_S04EN.png,vanguard_scrape_out\images\BT01_S04EN__Dragonic_Overlord.png
5,[BT01]Descent of the King of Knights,BT01/S05EN,CEO Amaterasu,Normal Unit,Oracle Think Tank,3,10000,-,"[CONT](VC):During your turn, if the number of cards in your hand is four or greater, this unit gets [Power] +4000. [AUTO](VC):At the beginning of your main phase, [Soul-Charge 1], look at the top card of your deck, and put that card on the top or the bottom of your deck. [AUTO](VC/RC):[Soul-Blast 8 & Counter-Blast 5] When this unit's attack hits, you may pay the cost. If you do, draw up to five cards.",https://en.cf-vanguard.com/cardlist/cardsearch/?cardno=BT01/S05EN&expansion=5&view=text,https://en.cf-vanguard.com/wordpress/wp-content/images/cardlist/bt01/BT01_S05EN.png,vanguard_scrape_out\images\BT01_S05EN__CEO_Amaterasu.png
5,[BT01]Descent of the King of Knights,BT01/S06EN,"Battle Sister, Cocoa",Normal Unit,Oracle Think Tank,1,6000,5000,"[AUTO]:When this unit is placed on (VC) or (RC), if you have an <Oracle Think Tank> vanguard, look at the top card of your deck, and put that card on the top or the bottom of your deck.",https://en.cf-vanguard.com/cardlist/cardsearch/?cardno=BT01/S06EN&expansion=5&view=text,https://en.cf-vanguard.com/wordpress/wp-content/images/cardlist/bt01/BT01_S06EN.png,"vanguard_scrape_out\images\BT01_S06EN__Battle_Sister,_Cocoa.png"
5,[BT01]Descent of the King of Knights,BT01/S07EN,Asura Kaiser,Normal Unit,Nova Grappler,3,11000,-,"[CONT](VC/RC):If you do not have another <Nova Grappler> vanguard or rear-guard, this unit gets [Power] -2000. [AUTO](VC):When this unit's drive check reveals a grade 3 <Nova Grappler>, choose one of your rear-guards, and [Stand] it.",https://en.cf-vanguard.com/cardlist/cardsearch/?cardno=BT01/S07EN&expansion=5&view=text,https://en.cf-vanguard.com/wordpress/wp-content/images/cardlist/bt01/BT01_S07EN.png,vanguard_scrape_out\images\BT01_S07EN__Asura_Kaiser.png
5,[BT01]Descent of the King of Knights,BT01/S08EN,"Solitary Knight, Gancelot",Normal Unit,Royal Paladin,3,9000,-,"[ACT](VC):[Counter-Blast 2] If you have a card named ""Blaster Blade"" in your soul, this unit gets [Power] +5000/[Critical] +1 until end of turn. [ACT](Hand):[Reveal this card to your opponent, and put it on top of your deck] Search your deck for up to one card named ""Blaster Blade"", reveal it to your opponent, put it into your hand, and shuffle your deck.",https://en.cf-vanguard.com/cardlist/cardsearch/?cardno=BT01/S08EN&expansion=5&view=text,https://en.cf-vanguard.com/wordpress/wp-content/images/cardlist/bt01/BT01_S08EN.png,"vanguard_scrape_out\images\BT01_S08EN__Solitary_Knight,_Gancelot.png"
5,[BT01]Descent of the King of Knights,BT01/S09EN,Vortex Dragon,Normal Unit,Kagero,3,10000,-,"[AUTO](VC):At the beginning of your main phase, [Soul-Charge 1], and this unit gets [Power] +2000 until end of turn. [ACT](VC/RC):[Soul-Blast 8 & Counter-Blast 5] Choose up to three of your opponent's rear-guards, and retire them.",https://en.cf-vanguard.com/cardlist/cardsearch/?cardno=BT01/S09EN&expansion=5&view=text,https://en.cf-vanguard.com/wordpress/wp-content/images/cardlist/bt01/BT01_S09EN.png,vanguard_scrape_out\images\BT01_S09EN__Vortex_Dragon.png
5,[BT01]Descent of the King of Knights,BT01/S10EN,Maiden of Libra,Normal Unit,Oracle Think Tank,2,9000,5000,"[AUTO](VC/RC):[Counter-Blast 2] When this unit's attack hits, if you have an <Oracle Think Tank> vanguard, you may pay the cost. If you do, draw a card.",https://en.cf-vanguard.com/cardlist/cardsearch/?cardno=BT01/S10EN&expansion=5&view=text,https://en.cf-vanguard.com/wordpress/wp-content/images/cardlist/bt01/BT01_S10EN.png,vanguard_scrape_out\images\BT01_S10EN__Maiden_of_Libra.png
5,[BT01]Descent of the King of Knights,BT01/S11EN,Lozenge Magus,Trigger Unit,Oracle Think Tank,0,3000,10000,"(you may only have up to four cards with [Heal] in a deck)[AUTO]:When another <Oracle Think Tank> rides this unit, you may call this card to (RC). [AUTO](RC):When this unit boosts, the boosted unit gets [Power] +3000 until end of that battle, and at the begininng of the end phase of that turn, return this unit to your deck, and shuffle your deck.",https://en.cf-vanguard.com/cardlist/cardsearch/?cardno=BT01/S11EN&expansion=5&view=text,https://en.cf-vanguard.com/wordpress/wp-content/images/cardlist/bt01/BT01_S11EN.png,vanguard_scrape_out\images\BT01_S11EN__Lozenge_Magus.png
5,[BT01]Descent of the King of Knights,BT01/S12EN,Battleraizer,Trigger Unit,Nova Grappler,0,3000,10000,"[AUTO]:When another <Nova Grappler> rides this unit, you may call this card to (RC). [AUTO](RC):When this unit boosts, the boosted unit gets [Power] +3000 until end of that battle, and at the begininng of the end phase of that turn, return this unit to your deck, and shuffle your deck.",https://en.cf-vanguard.com/cardlist/cardsearch/?cardno=BT01/S12EN&expansion=5&view=text,https://en.cf-vanguard.com/wordpress/wp-content/images/cardlist/bt01/BT01_S12EN.png,vanguard_scrape_out\images\BT01_S12EN__Battleraizer.png
6,[BT02]Onslaught of Dragon Souls,BT02/001EN,Sky Diver,Normal Unit,Spike Brothers,3,11000,-,"[CONT](VC)/(RC):If you do not have another <Spike Brothers> vanguard or rear-guard, this unit gets [Power]-2000. [AUTO](RC):[Put this unit into your soul] When this unit's attack hits, you may pay the cost. If you do, choose up to one <Spike Brothers> from your hand, and call it to (RC).",https://en.cf-vanguard.com/cardlist/cardsearch/?cardno=BT02/001EN&expansion=6&view=text,https://en.cf-vanguard.com/wordpress/wp-content/images/cardlist/bt02/BT02_001EN.png,vanguard_scrape_out\images\BT02_001EN__Sky_Diver.png
6,[BT02]Onslaught of Dragon Souls,BT02/002EN,Spirit Exceed,Normal Unit,Granblue,3,10000,-,"[ACT]Drop zone:[Choose a unit named ""Samurai Spirit"" and a unit named ""Knight Spirit"" from your (RC), and put them into your soul] If you have a grade 2 or greater vanguard, ride this card.",https://en.cf-vanguard.com/cardlist/cardsearch/?cardno=BT02/002EN&expansion=6&view=text,https://en.cf-vanguard.com/wordpress/wp-content/images/cardlist/bt02/BT02_002EN.png,vanguard_scrape_out\images\BT02_002EN__Spirit_Exceed.png
6,[BT02]Onslaught of Dragon Souls,BT02/003EN,Ruin Shade,Normal Unit,Granblue,2,9000,5000,"[AUTO](VC)/(RC):[Put two cards from the top of your deck into your drop zone] When this unit attacks, if you have a <Granblue> vanguard, you may pay the cost. If you do, this unit gets [Power]+2000 until end of that battle.",https://en.cf-vanguard.com/cardlist/cardsearch/?cardno=BT02/003EN&expansion=6&view=text,https://en.cf-vanguard.com/wordpress/wp-content/images/cardlist/bt02/BT02_003EN.png,vanguard_scrape_out\images\BT02_003EN__Ruin_Shade.png
6,[BT02]Onslaught of Dragon Souls,BT02/004EN,Soul Saver Dragon,Normal Unit,Royal Paladin,3,10000,-,"[AUTO](VC):When this unit attacks a vanguard, this unit gets [Power]+3000 until end of that battle. [AUTO]:[Soul-Blast 5] When this unit is placed on (VC), you may pay the cost. If you do, choose up to three of your <Royal Paladin> rear-guards, and those units get [Power]+5000 until end of turn.",https://en.cf-vanguard.com/cardlist/cardsearch/?cardno=BT02/004EN&expansion=6&view=text,https://en.cf-vanguard.com/wordpress/wp-content/images/cardlist/bt02/BT02_004EN.png,vanguard_scrape_out\images\BT02_004EN__Soul_Saver_Dragon.png
6,[BT02]Onslaught of Dragon Souls,BT02/005EN,Blazing Flare Dragon,Normal Unit,Kagero,3,10000,-,"[AUTO](VC)/(RC):During your main phase, when an opponent's rear-guard is put into the drop zone, this unit gets [Power]+3000 until end of turn. [ACT](VC):[Soul-Blast 5] Choose one of your opponent's rear-guards, and retire it.",https://en.cf-vanguard.com/cardlist/cardsearch/?cardno=BT02/005EN&expansion=6&view=text,https://en.cf-vanguard.com/wordpress/wp-content/images/cardlist/bt02/BT02_005EN.png,vanguard_scrape_out\images\BT02_005EN__Blazing_Flare_Dragon.png
6,[BT02]Onslaught of Dragon Souls,BT02/006EN,"Seal Dragon, Blockade",Normal Unit,Kagero,3,10000,-,"[CONT](VC):During your turn, your opponent's units cannot intercept ([Intercept]).",https://en.cf-vanguard.com/cardlist/cardsearch/?cardno=BT02/006EN&expansion=6&view=text,https://en.cf-vanguard.com/wordpress/wp-content/images/cardlist/bt02/BT02_006EN.png,"vanguard_scrape_out\images\BT02_006EN__Seal_Dragon,_Blockade.png"
6,[BT02]Onslaught of Dragon Souls,BT02/007EN,"Scarlet Witch, CoCo",Normal Unit,Oracle Think Tank,3,10000,-,"[CONT](VC):During your turn, if you do not have any cards in your soul, this unit gets [Power]+3000. [AUTO]:[Counter-Blast 2] When this unit is placed on (VC), if the number of cards in your soul is one or less, you may pay the cost. If you do, draw up to two cards.",https://en.cf-vanguard.com/cardlist/cardsearch/?cardno=BT02/007EN&expansion=6&view=text,https://en.cf-vanguard.com/wordpress/wp-content/images/cardlist/bt02/BT02_007EN.png,"vanguard_scrape_out\images\BT02_007EN__Scarlet_Witch,_CoCo.png"
6,[BT02]Onslaught of Dragon Souls,BT02/008EN,Lion Heat,Normal Unit,Nova Grappler,3,10000,-,"[AUTO](VC):[Counter-Blast 2] When this unit's attack hits a vanguard, you may pay the cost. If you do, choose one of your <Nova Grappler> rear-guards, and [Stand] it. [AUTO](RC):[Counter-Blast 2] When this unit's attack hits a vanguard, you may pay the cost. If you do, choose one of your grade 1 or less <Nova Grappler> rear-guards, and [Stand] it.",https://en.cf-vanguard.com/cardlist/cardsearch/?cardno=BT02/008EN&expansion=6&view=text,https://en.cf-vanguard.com/wordpress/wp-content/images/cardlist/bt02/BT02_008EN.png,vanguard_scrape_out\images\BT02_008EN__Lion_Heat.png
6,[BT02]Onslaught of Dragon Souls,BT02/009EN,General Seifried,Normal Unit,Spike Brothers,3,10000,-,"[AUTO](VC):When this unit's drive check reveals a grade 3 <Spike Brothers>, you may call that card to an open (RC). [AUTO](VC):When this unit is boosted ([Boost]) by a <Spike Brothers>, this unit gets [Power]+3000 until end of that battle.",https://en.cf-vanguard.com/cardlist/cardsearch/?cardno=BT02/009EN&expansion=6&view=text,https://en.cf-vanguard.com/wordpress/wp-content/images/cardlist/bt02/BT02_009EN.png,vanguard_scrape_out\images\BT02_009EN__General_Seifried.png
6,[BT02]Onslaught of Dragon Souls,BT02/010EN,"Cheer Girl, Marilyn",Normal Unit,Spike Brothers,1,6000,0,"[CONT]:Sentinel (You may only have up to four cards with ""[CONT]:Sentinel"" in a deck.) [AUTO]:[Choose a <Spike Brothers> from your hand, and discard it] When this unit is placed on (GC), you may pay the cost. If you do, choose one of your <Spike Brothers> that is being attacked, and that unit cannot be hit until end of that battle.",https://en.cf-vanguard.com/cardlist/cardsearch/?cardno=BT02/010EN&expansion=6&view=text,https://en.cf-vanguard.com/wordpress/wp-content/images/cardlist/bt02/BT02_010EN.png,"vanguard_scrape_out\images\BT02_010EN__Cheer_Girl,_Marilyn.png"
6,[BT02]Onslaught of Dragon Souls,BT02/011EN,"King of Demonic Seas, Basskirk",Normal Unit,Granblue,3,10000,-,"[AUTO](VC):At the beginning of your main phase, [Soul-Charge 1], and this unit gets [Power]+2000 until end of turn. [ACT](VC)/(RC):[Soul-Blast 8 & Counter-Blast 5] Choose up to five <Granblue> from your drop zone, and call them to separate (RC).",https://en.cf-vanguard.com/cardlist/cardsearch/?cardno=BT02/011EN&expansion=6&view=text,https://en.cf-vanguard.com/wordpress/wp-content/images/cardlist/bt02/BT02_011EN.png,"vanguard_scrape_out\images\BT02_011EN__King_of_Demonic_Seas,_Basskirk.png"
6,[BT02]Onslaught of Dragon Souls,BT02/012EN,"Witch Doctor of the Abyss, Negromarl",Normal Unit,Granblue,3,8000,-,"[AUTO]:[Counter-Blast 2] When this unit is placed on (VC) or (RC), if you have a <Granblue> vanguard, you may pay the cost. If you do, choose a card from your drop zone, and call it to (RC).",https://en.cf-vanguard.com/cardlist/cardsearch/?cardno=BT02/012EN&expansion=6&view=text,https://en.cf-vanguard.com/wordpress/wp-content/images/cardlist/bt02/BT02_012EN.png,"vanguard_scrape_out\images\BT02_012EN__Witch_Doctor_of_the_Abyss,_Negromarl.png"
6,[BT02]Onslaught of Dragon Souls,BT02/013EN,Captain Nightmist,Normal Unit,Granblue,2,8000,5000,"[CONT](VC):During your turn, if you have a card named ""Captain Nightmist"" in your drop zone, this unit gets [Power]+3000. [ACT]Drop zone:[Counter-Blast 1 & Choose one of your grade 1 or greater <Granblue> rear-guards, and retire it] If you have a <Granblue> vanguard, call this card to (RC).",https://en.cf-vanguard.com/cardlist/cardsearch/?cardno=BT02/013EN&expansion=6&view=text,https://en.cf-vanguard.com/wordpress/wp-content/images/cardlist/bt02/BT02_013EN.png,vanguard_scrape_out\images\BT02_013EN__Captain_Nightmist.png
6,[BT02]Onslaught of Dragon Souls,BT02/014EN,Gust Jinn,Normal Unit,Granblue,1,6000,0,"[CONT]:Sentinel (You may only have up to four cards with ""[CONT]:Sentinel"" in a deck.) [AUTO]:[Choose a <Granblue> from your hand, and discard it] When this unit is placed on (GC), you may pay the cost. If you do, choose one of your <Granblue> that is being attacked, and that unit cannot be hit until end of that battle.",https://en.cf-vanguard.com/cardlist/cardsearch/?cardno=BT02/014EN&expansion=6&view=text,https://en.cf-vanguard.com/wordpress/wp-content/images/cardlist/bt02/BT02_014EN.png,vanguard_scrape_out\images\BT02_014EN__Gust_Jinn.png
6,[BT02]Onslaught of Dragon Souls,BT02/015EN,Young Pegasus Knight,Normal Unit,Royal Paladin,1,6000,5000,"[AUTO](RC):During your main phase, when a card is put into your soul, if you have a <Royal Paladin> vanguard, this unit gets [Power]+3000 until end of turn.",https://en.cf-vanguard.com/cardlist/cardsearch/?cardno=BT02/015EN&expansion=6&view=text,https://en.cf-vanguard.com/wordpress/wp-content/images/cardlist/bt02/BT02_015EN.png,vanguard_scrape_out\images\BT02_015EN__Young_Pegasus_Knight.png
6,[BT02]Onslaught of Dragon Souls,BT02/016EN,Chain-attack Sutherland,Normal Unit,Kagero,2,8000,5000,"[AUTO](VC)/(RC):During your main phase, when an opponent's rear-guard is put into the drop zone, this unit gets [Power]+3000 until end of turn.",https://en.cf-vanguard.com/cardlist/cardsearch/?cardno=BT02/016EN&expansion=6&view=text,https://en.cf-vanguard.com/wordpress/wp-content/images/cardlist/bt02/BT02_016EN.png,vanguard_scrape_out\images\BT02_016EN__Chain-attack_Sutherland.png
6,[BT02]Onslaught of Dragon Souls,BT02/017EN,Silent Tom,Normal Unit,Oracle Think Tank,2,8000,5000,"[CONT](VC)/(RC):During the battle that this unit attacks, if you have an <Oracle Think Tank>vanguard, your opponent cannot normal call grade 0 units to (GC).",https://en.cf-vanguard.com/cardlist/cardsearch/?cardno=BT02/017EN&expansion=6&view=text,https://en.cf-vanguard.com/wordpress/wp-content/images/cardlist/bt02/BT02_017EN.png,vanguard_scrape_out\images\BT02_017EN__Silent_Tom.png
6,[BT02]Onslaught of Dragon Souls,BT02/018EN,"Magician Girl, Kirara",Normal Unit,Nova Grappler,2,9000,5000,"[AUTO](VC)/(RC):[Counter-Blast 2] When this unit's attack hits, if you have a <Nova Grappler> vanguard, you may pay the cost. If you do, draw a card.",https://en.cf-vanguard.com/cardlist/cardsearch/?cardno=BT02/018EN&expansion=6&view=text,https://en.cf-vanguard.com/wordpress/wp-content/images/cardlist/bt02/BT02_018EN.png,"vanguard_scrape_out\images\BT02_018EN__Magician_Girl,_Kirara.png"
6,[BT02]Onslaught of Dragon Souls,BT02/019EN,Twin Blader,Normal Unit,Nova Grappler,1,6000,0,"[CONT]:Sentinel (You may only have up to four cards with ""[CONT]:Sentinel"" in a deck.) [AUTO]:[Choose a <Nova Grappler> from your hand, and discard it] When this unit is placed on (GC), you may pay the cost. If you do, choose one of your <Nova Grappler> that is being attacked, and that unit cannot be hit until end of that battle.",https://en.cf-vanguard.com/cardlist/cardsearch/?cardno=BT02/019EN&expansion=6&view=text,https://en.cf-vanguard.com/wordpress/wp-content/images/cardlist/bt02/BT02_019EN.png,vanguard_scrape_out\images\BT02_019EN__Twin_Blader.png
6,[BT02]Onslaught of Dragon Souls,BT02/020EN,"Top Idol, Flores",Normal Unit,Bermuda Triangle,3,10000,-,"[AUTO](VC)/(RC):[Soul-Blast 2] When this unit's attack hits, you may pay the cost. If you do, choose one of your <Bermuda Triangle> rear-guards, and return it to your hand.",https://en.cf-vanguard.com/cardlist/cardsearch/?cardno=BT02/020EN&expansion=6&view=text,https://en.cf-vanguard.com/wordpress/wp-content/images/cardlist/bt02/BT02_020EN.png,"vanguard_scrape_out\images\BT02_020EN__Top_Idol,_Flores.png"
6,[BT02]Onslaught of Dragon Souls,BT02/021EN,Unite Attacker,Normal Unit,Spike Brothers,3,10000,-,"[AUTO](VC):At the beginning of your main phase, [Soul-Charge 1], and this unit gets [Power]+2000 until end of turn. [AUTO](VC)/(RC):[Soul-Blast 8 & Counter-Blast 5] When this unit's attack hits, you may pay the cost. If you do, look at up to five cards from the top of your deck, choose any number of <Spike Brothers> from among them, call the chosen cards to separate (RC), and shuffle your deck.",https://en.cf-vanguard.com/cardlist/cardsearch/?cardno=BT02/021EN&expansion=6&view=text,https://en.cf-vanguard.com/wordpress/wp-content/images/cardlist/bt02/BT02_021EN.png,vanguard_scrape_out\images\BT02_021EN__Unite_Attacker.png
6,[BT02]Onslaught of Dragon Souls,BT02/022EN,"Treasured, Black Panther",Normal Unit,Spike Brothers,2,10000,5000,-,https://en.cf-vanguard.com/cardlist/cardsearch/?cardno=BT02/022EN&expansion=6&view=text,https://en.cf-vanguard.com/wordpress/wp-content/images/cardlist/bt02/BT02_022EN.png,"vanguard_scrape_out\images\BT02_022EN__Treasured,_Black_Panther.png"
6,[BT02]Onslaught of Dragon Souls,BT02/023EN,Dudley Dan,Normal Unit,Spike Brothers,1,4000,5000,"[AUTO](RC):[Counter-Blast 2 & Choose a <Spike Brothers> from your hand, and put it into your soul] When this unit boosts ([Boost]) a vanguard, you may pay the cost. If you do, search your deck for up to one <Spike Brothers>, call it to an open (RC), and shuffle your deck.",https://en.cf-vanguard.com/cardlist/cardsearch/?cardno=BT02/023EN&expansion=6&view=text,https://en.cf-vanguard.com/wordpress/wp-content/images/cardlist/bt02/BT02_023EN.png,vanguard_scrape_out\images\BT02_023EN__Dudley_Dan.png
6,[BT02]Onslaught of Dragon Souls,BT02/024EN,Mecha Trainer,Normal Unit,Spike Brothers,0,5000,10000,"[AUTO](VC):When another <Spike Brothers> rides this unit, you may call this card to (RC). [ACT](RC):[Counter-Blast 1 & Retire this unit] Search your deck for up to one grade 1 or less <Spike Brothers>, reveal it to your opponent, put it into your hand, and shuffle your deck.",https://en.cf-vanguard.com/cardlist/cardsearch/?cardno=BT02/024EN&expansion=6&view=text,https://en.cf-vanguard.com/wordpress/wp-content/images/cardlist/bt02/BT02_024EN.png,vanguard_scrape_out\images\BT02_024EN__Mecha_Trainer.png
6,[BT02]Onslaught of Dragon Souls,BT02/025EN,Dancing Cutlass,Normal Unit,Granblue,1,5000,5000,"[AUTO]:[Soul-Blast 2] When this unit is placed on (RC), if you have a <Granblue> vanguard, you may pay the cost. If you do, draw a card.",https://en.cf-vanguard.com/cardlist/cardsearch/?cardno=BT02/025EN&expansion=6&view=text,https://en.cf-vanguard.com/wordpress/wp-content/images/cardlist/bt02/BT02_025EN.png,vanguard_scrape_out\images\BT02_025EN__Dancing_Cutlass.png
6,[BT02]Onslaught of Dragon Souls,BT02/026EN,Chappie the Ghostie,Normal Unit,Granblue,0,5000,10000,"[AUTO]: When this unit is placed on (GC), search your deck for up to one <Granblue>, put it into your drop zone, and shuffle your deck.",https://en.cf-vanguard.com/cardlist/cardsearch/?cardno=BT02/026EN&expansion=6&view=text,https://en.cf-vanguard.com/wordpress/wp-content/images/cardlist/bt02/BT02_026EN.png,vanguard_scrape_out\images\BT02_026EN__Chappie_the_Ghostie.png
6,[BT02]Onslaught of Dragon Souls,BT02/027EN,Gigantech Charger,Normal Unit,Royal Paladin,3,9000,-,"[AUTO]: When this unit is placed on (VC) or (RC), reveal the top card of your deck. If the revealed card is a <Royal Paladin>, call it to (RC), and if it is not, shuffle your deck.",https://en.cf-vanguard.com/cardlist/cardsearch/?cardno=BT02/027EN&expansion=6&view=text,https://en.cf-vanguard.com/wordpress/wp-content/images/cardlist/bt02/BT02_027EN.png,vanguard_scrape_out\images\BT02_027EN__Gigantech_Charger.png
6,[BT02]Onslaught of Dragon Souls,BT02/028EN,"Great Sage, Barron",Normal Unit,Royal Paladin,2,8000,5000,"[AUTO](RC):During your main phase, when a card is put into your soul, if you have a <Royal Paladin> vanguard, this unit gets [Power]+3000 until end of turn.",https://en.cf-vanguard.com/cardlist/cardsearch/?cardno=BT02/028EN&expansion=6&view=text,https://en.cf-vanguard.com/wordpress/wp-content/images/cardlist/bt02/BT02_028EN.png,"vanguard_scrape_out\images\BT02_028EN__Great_Sage,_Barron.png"
6,[BT02]Onslaught of Dragon Souls,BT02/029EN,"High Dog Breeder, Akane",Normal Unit,Royal Paladin,2,8000,5000,"[AUTO]:[Counter-Blast 2] When this unit is placed on (VC) or (RC), you may pay the cost. If you do, search your deck for up to one <Royal Paladin> <High Beast>, call it to (RC), and shuffle your deck.",https://en.cf-vanguard.com/cardlist/cardsearch/?cardno=BT02/029EN&expansion=6&view=text,https://en.cf-vanguard.com/wordpress/wp-content/images/cardlist/bt02/BT02_029EN.png,"vanguard_scrape_out\images\BT02_029EN__High_Dog_Breeder,_Akane.png"
6,[BT02]Onslaught of Dragon Souls,BT02/030EN,Pongal,Normal Unit,Royal Paladin,1,7000,5000,"[ACT](RC):[Counter-Blast 1 & Put this unit into your soul] If you have a <Royal Paladin> vanguard, search your deck for up to one card named ""Soul Saver Dragon"", reveal it to your opponent, put it into your hand, and shuffle your deck.",https://en.cf-vanguard.com/cardlist/cardsearch/?cardno=BT02/030EN&expansion=6&view=text,https://en.cf-vanguard.com/wordpress/wp-content/images/cardlist/bt02/BT02_030EN.png,vanguard_scrape_out\images\BT02_030EN__Pongal.png
6,[BT02]Onslaught of Dragon Souls,BT02/031EN,Blazing Core Dragon,Normal Unit,Kagero,2,9000,5000,"[ACT](VC):[Counter-Blast 1 & Choose a unit named ""Iron Tail Dragon"" and a unit named ""Gattling Claw Dragon"" from your (RC), and put them into your soul] Search your deck for up to one card named ""Blazing Flare Dragon"", ride it, and shuffle your deck.",https://en.cf-vanguard.com/cardlist/cardsearch/?cardno=BT02/031EN&expansion=6&view=text,https://en.cf-vanguard.com/wordpress/wp-content/images/cardlist/bt02/BT02_031EN.png,vanguard_scrape_out\images\BT02_031EN__Blazing_Core_Dragon.png
6,[BT02]Onslaught of Dragon Souls,BT02/032EN,"Demonic Dragon Mage, Kimnara",Normal Unit,Kagero,1,6000,5000,"[ACT](RC):[Counter-Blast 1 & Put this unit into your soul] If you have a <Kagero> vanguard, choose up to one of your opponent's grade 1 rear-guards, and retire it.",https://en.cf-vanguard.com/cardlist/cardsearch/?cardno=BT02/032EN&expansion=6&view=text,https://en.cf-vanguard.com/wordpress/wp-content/images/cardlist/bt02/BT02_032EN.png,"vanguard_scrape_out\images\BT02_032EN__Demonic_Dragon_Mage,_Kimnara.png"
6,[BT02]Onslaught of Dragon Souls,BT02/033EN,Luck Bird,Normal Unit,Oracle Think Tank,1,5000,5000,"[AUTO]:[Soul-Blast 2] When this unit is placed on (RC), if you have an <Oracle Think Tank>vanguard, you may pay the cost. If you do, draw a card.",https://en.cf-vanguard.com/cardlist/cardsearch/?cardno=BT02/033EN&expansion=6&view=text,https://en.cf-vanguard.com/wordpress/wp-content/images/cardlist/bt02/BT02_033EN.png,vanguard_scrape_out\images\BT02_033EN__Luck_Bird.png
6,[BT02]Onslaught of Dragon Souls,BT02/034EN,"Winged Dragon, Skyptero",Normal Unit,Tachikaze,1,6000,5000,"[AUTO]:[Counter-Blast 1] When this unit is put into the drop zone from (RC), if you have a <Tachikaze> vanguard, you may pay the cost. If you do, return this card to your hand.",https://en.cf-vanguard.com/cardlist/cardsearch/?cardno=BT02/034EN&expansion=6&view=text,https://en.cf-vanguard.com/wordpress/wp-content/images/cardlist/bt02/BT02_034EN.png,"vanguard_scrape_out\images\BT02_034EN__Winged_Dragon,_Skyptero.png"
6,[BT02]Onslaught of Dragon Souls,BT02/035EN,Dragon Egg,Normal Unit,Tachikaze,0,4000,10000,"[AUTO](VC):When another <Tachikaze> rides this unit, you may call this card to (RC). [AUTO]:[Counter-Blast 1] When this unit is put into the drop zone from (RC), if you have a <Tachikaze> vanguard, you may pay the cost. If you do, return this card to your hand.",https://en.cf-vanguard.com/cardlist/cardsearch/?cardno=BT02/035EN&expansion=6&view=text,https://en.cf-vanguard.com/wordpress/wp-content/images/cardlist/bt02/BT02_035EN.png,vanguard_scrape_out\images\BT02_035EN__Dragon_Egg.png
6,[BT02]Onslaught of Dragon Souls,BT02/036EN,"Top Idol, Aqua",Normal Unit,Bermuda Triangle,2,10000,5000,-,https://en.cf-vanguard.com/cardlist/cardsearch/?cardno=BT02/036EN&expansion=6&view=text,https://en.cf-vanguard.com/wordpress/wp-content/images/cardlist/bt02/BT02_036EN.png,"vanguard_scrape_out\images\BT02_036EN__Top_Idol,_Aqua.png"
6,[BT02]Onslaught of Dragon Souls,BT02/037EN,"Bermuda Triangle Cadet, Caravel",Normal Unit,Bermuda Triangle,0,3000,10000,"[AUTO]:[Soul-Blast 2] When this unit is placed on (RC), if you have a <Bermuda Triangle> vanguard, you may pay the cost. If you do, draw a card.",https://en.cf-vanguard.com/cardlist/cardsearch/?cardno=BT02/037EN&expansion=6&view=text,https://en.cf-vanguard.com/wordpress/wp-content/images/cardlist/bt02/BT02_037EN.png,"vanguard_scrape_out\images\BT02_037EN__Bermuda_Triangle_Cadet,_Caravel.png"
6,[BT02]Onslaught of Dragon Souls,BT02/038EN,Master Fraude,Normal Unit,Megacolony,3,10000,-,"[AUTO](VC)/(RC):[Soul-Blast 3] When this unit's attack hits, if you have a <Megacolony> vanguard, you may pay the cost. If you do, draw a card. [AUTO](VC):When this unit is boosted ([Boost]) by a <Megacolony>, this unit gets [Power]+3000 until end of that battle.",https://en.cf-vanguard.com/cardlist/cardsearch/?cardno=BT02/038EN&expansion=6&view=text,https://en.cf-vanguard.com/wordpress/wp-content/images/cardlist/bt02/BT02_038EN.png,vanguard_scrape_out\images\BT02_038EN__Master_Fraude.png
6,[BT02]Onslaught of Dragon Souls,BT02/039EN,Scientist Monkey Rue,Normal Unit,Great Nature,3,10000,-,"[ACT](VC)/(RC):[Counter-Blast 2] Choose one of your <Great Nature> rear-guards, and that unit gets [Power]+4000 until end of turn, and at the beginning of the end phase of that turn, retire that unit.",https://en.cf-vanguard.com/cardlist/cardsearch/?cardno=BT02/039EN&expansion=6&view=text,https://en.cf-vanguard.com/wordpress/wp-content/images/cardlist/bt02/BT02_039EN.png,vanguard_scrape_out\images\BT02_039EN__Scientist_Monkey_Rue.png
6,[BT02]Onslaught of Dragon Souls,BT02/040EN,Geograph Giant,Normal Unit,Great Nature,2,10000,5000,-,https://en.cf-vanguard.com/cardlist/cardsearch/?cardno=BT02/040EN&expansion=6&view=text,https://en.cf-vanguard.com/wordpress/wp-content/images/cardlist/bt02/BT02_040EN.png,vanguard_scrape_out\images\BT02_040EN__Geograph_Giant.png
6,[BT02]Onslaught of Dragon Souls,BT02/041EN,Panzer Gale,Normal Unit,Spike Brothers,2,8000,5000,"[AUTO]:When this unit intercepts ([Intercept]), if you have a <Spike Brothers> vanguard, this unit gets [Shield]+5000 until end of that battle.",https://en.cf-vanguard.com/cardlist/cardsearch/?cardno=BT02/041EN&expansion=6&view=text,https://en.cf-vanguard.com/wordpress/wp-content/images/cardlist/bt02/BT02_041EN.png,vanguard_scrape_out\images\BT02_041EN__Panzer_Gale.png
6,[BT02]Onslaught of Dragon Souls,BT02/042EN,Devil Summoner,Normal Unit,Spike Brothers,2,7000,5000,"[AUTO]:When this unit is placed on (VC) or (RC), reveal the top card of your deck. If the revealed card is a grade 1 or 2 <Spike Brothers>, call it to (RC), and if it is not, shuffle your deck.",https://en.cf-vanguard.com/cardlist/cardsearch/?cardno=BT02/042EN&expansion=6&view=text,https://en.cf-vanguard.com/wordpress/wp-content/images/cardlist/bt02/BT02_042EN.png,vanguard_scrape_out\images\BT02_042EN__Devil_Summoner.png
6,[BT02]Onslaught of Dragon Souls,BT02/043EN,Cyclone Blitz,Normal Unit,Spike Brothers,1,6000,5000,"[AUTO](VC)/(RC):[Soul-Blast 1] When this unit attacks, if you have a <Spike Brothers> vanguard, you may pay the cost. If you do, this unit gets [Power]+3000 until end of that battle.",https://en.cf-vanguard.com/cardlist/cardsearch/?cardno=BT02/043EN&expansion=6&view=text,https://en.cf-vanguard.com/wordpress/wp-content/images/cardlist/bt02/BT02_043EN.png,vanguard_scrape_out\images\BT02_043EN__Cyclone_Blitz.png
6,[BT02]Onslaught of Dragon Souls,BT02/044EN,Spike Brothers Assault Squad,Normal Unit,Spike Brothers,1,4000,5000,"[AUTO](RC):When an attack hits during the battle that this unit boosted ([Boost]) a <Spike Brothers>, [Stand] this unit.",https://en.cf-vanguard.com/cardlist/cardsearch/?cardno=BT02/044EN&expansion=6&view=text,https://en.cf-vanguard.com/wordpress/wp-content/images/cardlist/bt02/BT02_044EN.png,vanguard_scrape_out\images\BT02_044EN__Spike_Brothers_Assault_Squad.png
6,[BT02]Onslaught of Dragon Souls,BT02/045EN,Sonic Breaker,Trigger Unit,Spike Brothers,0,5000,10000,-,https://en.cf-vanguard.com/cardlist/cardsearch/?cardno=BT02/045EN&expansion=6&view=text,https://en.cf-vanguard.com/wordpress/wp-content/images/cardlist/bt02/BT02_045EN.png,vanguard_scrape_out\images\BT02_045EN__Sonic_Breaker.png
6,[BT02]Onslaught of Dragon Souls,BT02/046EN,Cheerful Lynx,Trigger Unit,Spike Brothers,0,5000,5000,-,https://en.cf-vanguard.com/cardlist/cardsearch/?cardno=BT02/046EN&expansion=6&view=text,https://en.cf-vanguard.com/wordpress/wp-content/images/cardlist/bt02/BT02_046EN.png,vanguard_scrape_out\images\BT02_046EN__Cheerful_Lynx.png
6,[BT02]Onslaught of Dragon Souls,BT02/047EN,"Cheer Girl, Tiara",Trigger Unit,Spike Brothers,0,5000,10000,"(You may only have up to four cards with ""[Heal] HEAL"" in a deck.)",https://en.cf-vanguard.com/cardlist/cardsearch/?cardno=BT02/047EN&expansion=6&view=text,https://en.cf-vanguard.com/wordpress/wp-content/images/cardlist/bt02/BT02_047EN.png,"vanguard_scrape_out\images\BT02_047EN__Cheer_Girl,_Tiara.png"
6,[BT02]Onslaught of Dragon Souls,BT02/048EN,Silence Joker,Trigger Unit,Spike Brothers,0,4000,10000,"[ACT](RC):[Put this unit into your soul] If you have a <Spike Brothers> vanguard, choose up to one card from your damage zone, and turn it face up.",https://en.cf-vanguard.com/cardlist/cardsearch/?cardno=BT02/048EN&expansion=6&view=text,https://en.cf-vanguard.com/wordpress/wp-content/images/cardlist/bt02/BT02_048EN.png,vanguard_scrape_out\images\BT02_048EN__Silence_Joker.png
6,[BT02]Onslaught of Dragon Souls,BT02/049EN,Skeleton Swordsman,Normal Unit,Granblue,2,8000,5000,"[AUTO]:When this unit intercepts ([Intercept]), if you have a <Granblue> vanguard, this unit gets [Shield]+5000 until end of that battle.",https://en.cf-vanguard.com/cardlist/cardsearch/?cardno=BT02/049EN&expansion=6&view=text,https://en.cf-vanguard.com/wordpress/wp-content/images/cardlist/bt02/BT02_049EN.png,vanguard_scrape_out\images\BT02_049EN__Skeleton_Swordsman.png
6,[BT02]Onslaught of Dragon Souls,BT02/050EN,Samurai Spirit,Normal Unit,Granblue,1,7000,5000,"[ACT]Drop zone:[Counter-Blast 1 & Choose one of your <Granblue> rear-guards, and retire it] If you have a <Granblue> vanguard, call this card to (RC).",https://en.cf-vanguard.com/cardlist/cardsearch/?cardno=BT02/050EN&expansion=6&view=text,https://en.cf-vanguard.com/wordpress/wp-content/images/cardlist/bt02/BT02_050EN.png,vanguard_scrape_out\images\BT02_050EN__Samurai_Spirit.png
6,[BT02]Onslaught of Dragon Souls,BT02/051EN,Evil Shade,Normal Unit,Granblue,1,6000,5000,"[AUTO](RC):[Put two cards from the top of your deck into your drop zone] When this unit boosts ([Boost]) a <Granblue> vanguard, you may pay the cost. If you do, the boosted ([Boost]) unit gets [Power]+4000 until end of that battle.",https://en.cf-vanguard.com/cardlist/cardsearch/?cardno=BT02/051EN&expansion=6&view=text,https://en.cf-vanguard.com/wordpress/wp-content/images/cardlist/bt02/BT02_051EN.png,vanguard_scrape_out\images\BT02_051EN__Evil_Shade.png
6,[BT02]Onslaught of Dragon Souls,BT02/052EN,Knight Spirit,Trigger Unit,Granblue,0,5000,10000,-,https://en.cf-vanguard.com/cardlist/cardsearch/?cardno=BT02/052EN&expansion=6&view=text,https://en.cf-vanguard.com/wordpress/wp-content/images/cardlist/bt02/BT02_052EN.png,vanguard_scrape_out\images\BT02_052EN__Knight_Spirit.png
6,[BT02]Onslaught of Dragon Souls,BT02/053EN,Skeleton Lookout,Trigger Unit,Granblue,0,5000,10000,-,https://en.cf-vanguard.com/cardlist/cardsearch/?cardno=BT02/053EN&expansion=6&view=text,https://en.cf-vanguard.com/wordpress/wp-content/images/cardlist/bt02/BT02_053EN.png,vanguard_scrape_out\images\BT02_053EN__Skeleton_Lookout.png
6,[BT02]Onslaught of Dragon Souls,BT02/054EN,Rick the Ghostie,Trigger Unit,Granblue,0,5000,10000,"(You may only have up to four cards with ""[Heal] HEAL"" in a deck.)",https://en.cf-vanguard.com/cardlist/cardsearch/?cardno=BT02/054EN&expansion=6&view=text,https://en.cf-vanguard.com/wordpress/wp-content/images/cardlist/bt02/BT02_054EN.png,vanguard_scrape_out\images\BT02_054EN__Rick_the_Ghostie.png
6,[BT02]Onslaught of Dragon Souls,BT02/055EN,Rough Seas Banshee,Trigger Unit,Granblue,0,4000,10000,"[ACT](RC):[Put this unit into your soul] If you have a <Granblue> vanguard, draw up to one card.",https://en.cf-vanguard.com/cardlist/cardsearch/?cardno=BT02/055EN&expansion=6&view=text,https://en.cf-vanguard.com/wordpress/wp-content/images/cardlist/bt02/BT02_055EN.png,vanguard_scrape_out\images\BT02_055EN__Rough_Seas_Banshee.png
6,[BT02]Onslaught of Dragon Souls,BT02/056EN,"Knight of Truth, Gordon",Normal Unit,Royal Paladin,2,8000,5000,"[AUTO]:When this unit intercepts ([Intercept]), if you have a <Royal Paladin> vanguard, this unit gets [Shield]+5000 until end of that battle.",https://en.cf-vanguard.com/cardlist/cardsearch/?cardno=BT02/056EN&expansion=6&view=text,https://en.cf-vanguard.com/wordpress/wp-content/images/cardlist/bt02/BT02_056EN.png,"vanguard_scrape_out\images\BT02_056EN__Knight_of_Truth,_Gordon.png"
6,[BT02]Onslaught of Dragon Souls,BT02/057EN,Soul Guiding Elf,Normal Unit,Royal Paladin,1,7000,5000,[ACT](VC)/(RC):[Counter-Blast 1] This unit gets [Power]+1000 until end of turn.,https://en.cf-vanguard.com/cardlist/cardsearch/?cardno=BT02/057EN&expansion=6&view=text,https://en.cf-vanguard.com/wordpress/wp-content/images/cardlist/bt02/BT02_057EN.png,vanguard_scrape_out\images\BT02_057EN__Soul_Guiding_Elf.png
6,[BT02]Onslaught of Dragon Souls,BT02/058EN,Pixy Fife and Drum,Trigger Unit,Royal Paladin,0,5000,10000,-,https://en.cf-vanguard.com/cardlist/cardsearch/?cardno=BT02/058EN&expansion=6&view=text,https://en.cf-vanguard.com/wordpress/wp-content/images/cardlist/bt02/BT02_058EN.png,vanguard_scrape_out\images\BT02_058EN__Pixy_Fife_and_Drum.png
6,[BT02]Onslaught of Dragon Souls,BT02/059EN,Margal,Trigger Unit,Royal Paladin,0,4000,5000,"[ACT](RC):[Put this unit into your soul] Choose up to one of your <Royal Paladin>, and that unit gets [Power]+3000 until end of turn.",https://en.cf-vanguard.com/cardlist/cardsearch/?cardno=BT02/059EN&expansion=6&view=text,https://en.cf-vanguard.com/wordpress/wp-content/images/cardlist/bt02/BT02_059EN.png,vanguard_scrape_out\images\BT02_059EN__Margal.png
6,[BT02]Onslaught of Dragon Souls,BT02/060EN,"Dragon Knight, Berger",Normal Unit,Kagero,2,8000,5000,"[AUTO]:When this unit intercepts ([Intercept]), if you have a <Kagero> vanguard, this unit gets [Shield]+5000 until end of that battle.",https://en.cf-vanguard.com/cardlist/cardsearch/?cardno=BT02/060EN&expansion=6&view=text,https://en.cf-vanguard.com/wordpress/wp-content/images/cardlist/bt02/BT02_060EN.png,"vanguard_scrape_out\images\BT02_060EN__Dragon_Knight,_Berger.png"
6,[BT02]Onslaught of Dragon Souls,BT02/061EN,Iron Tail Dragon,Normal Unit,Kagero,1,7000,5000,[ACT](VC)/(RC):[Counter-Blast 1] This unit gets [Power]+1000 until end of turn.,https://en.cf-vanguard.com/cardlist/cardsearch/?cardno=BT02/061EN&expansion=6&view=text,https://en.cf-vanguard.com/wordpress/wp-content/images/cardlist/bt02/BT02_061EN.png,vanguard_scrape_out\images\BT02_061EN__Iron_Tail_Dragon.png
6,[BT02]Onslaught of Dragon Souls,BT02/062EN,"Follower, Reas",Normal Unit,Kagero,1,6000,5000,"[AUTO](RC):When this unit boosts ([Boost]) a unit named ""Chain-attack Sutherland"", the boosted ([Boost]) unit gets [Power]+4000 until end of that battle.",https://en.cf-vanguard.com/cardlist/cardsearch/?cardno=BT02/062EN&expansion=6&view=text,https://en.cf-vanguard.com/wordpress/wp-content/images/cardlist/bt02/BT02_062EN.png,"vanguard_scrape_out\images\BT02_062EN__Follower,_Reas.png"
6,[BT02]Onslaught of Dragon Souls,BT02/063EN,"Lizard Runner, Nafd",Trigger Unit,Kagero,0,5000,10000,-,https://en.cf-vanguard.com/cardlist/cardsearch/?cardno=BT02/063EN&expansion=6&view=text,https://en.cf-vanguard.com/wordpress/wp-content/images/cardlist/bt02/BT02_063EN.png,"vanguard_scrape_out\images\BT02_063EN__Lizard_Runner,_Nafd.png"
6,[BT02]Onslaught of Dragon Souls,BT02/064EN,Gattling Claw Dragon,Trigger Unit,Kagero,0,4000,5000,"[ACT](RC):[Counter-Blast 1 & Put this unit into your soul] If you have a <Kagero> vanguard, choose up to one of your opponent's grade 0 rear-guards, and retire it.",https://en.cf-vanguard.com/cardlist/cardsearch/?cardno=BT02/064EN&expansion=6&view=text,https://en.cf-vanguard.com/wordpress/wp-content/images/cardlist/bt02/BT02_064EN.png,vanguard_scrape_out\images\BT02_064EN__Gattling_Claw_Dragon.png
6,[BT02]Onslaught of Dragon Souls,BT02/065EN,Security Guardian,Normal Unit,Oracle Think Tank,2,8000,5000,"[AUTO]:When this unit intercepts ([Intercept]), if you have an <Oracle Think Tank>vanguard, this unit gets [Shield]+5000 until end of that battle.",https://en.cf-vanguard.com/cardlist/cardsearch/?cardno=BT02/065EN&expansion=6&view=text,https://en.cf-vanguard.com/wordpress/wp-content/images/cardlist/bt02/BT02_065EN.png,vanguard_scrape_out\images\BT02_065EN__Security_Guardian.png
6,[BT02]Onslaught of Dragon Souls,BT02/066EN,One Who Gazes at the Truth,Normal Unit,Oracle Think Tank,1,6000,5000,"[AUTO](VC)/(RC):[Soul-Blast 1] When this unit attacks, if you have an <Oracle Think Tank>vanguard, you may pay the cost. If you do, this unit gets [Power]+3000 until end of that battle.",https://en.cf-vanguard.com/cardlist/cardsearch/?cardno=BT02/066EN&expansion=6&view=text,https://en.cf-vanguard.com/wordpress/wp-content/images/cardlist/bt02/BT02_066EN.png,vanguard_scrape_out\images\BT02_066EN__One_Who_Gazes_at_the_Truth.png
6,[BT02]Onslaught of Dragon Souls,BT02/067EN,Emergency Alarmer,Trigger Unit,Oracle Think Tank,0,5000,10000,-,https://en.cf-vanguard.com/cardlist/cardsearch/?cardno=BT02/067EN&expansion=6&view=text,https://en.cf-vanguard.com/wordpress/wp-content/images/cardlist/bt02/BT02_067EN.png,vanguard_scrape_out\images\BT02_067EN__Emergency_Alarmer.png
6,[BT02]Onslaught of Dragon Souls,BT02/068EN,Psychic Bird,Trigger Unit,Oracle Think Tank,0,4000,10000,"[ACT](RC):[Put this unit into your soul] If you have an <Oracle Think Tank>vanguard, draw up to one card.",https://en.cf-vanguard.com/cardlist/cardsearch/?cardno=BT02/068EN&expansion=6&view=text,https://en.cf-vanguard.com/wordpress/wp-content/images/cardlist/bt02/BT02_068EN.png,vanguard_scrape_out\images\BT02_068EN__Psychic_Bird.png
6,[BT02]Onslaught of Dragon Souls,BT02/069EN,"Chaos Dragon, Dinochaos",Normal Unit,Tachikaze,3,10000,-,"[ACT]Hand:[Choose two of your <Tachikaze> rear-guards, and retire them] If you have a grade 2 vanguard, you may reveal this card. If you do, ride this card.",https://en.cf-vanguard.com/cardlist/cardsearch/?cardno=BT02/069EN&expansion=6&view=text,https://en.cf-vanguard.com/wordpress/wp-content/images/cardlist/bt02/BT02_069EN.png,"vanguard_scrape_out\images\BT02_069EN__Chaos_Dragon,_Dinochaos.png"
6,[BT02]Onslaught of Dragon Souls,BT02/070EN,"Cannon Fire Dragon, Cannon Gear",Normal Unit,Tachikaze,2,11000,5000,"[AUTO]:When this unit is placed on (VC) or (RC), choose one of your rear-guards, and retire it. [AUTO](VC):When this unit is boosted ([Boost]) by a <Tachikaze>, this unit gets [Power]+2000 until end of turn.",https://en.cf-vanguard.com/cardlist/cardsearch/?cardno=BT02/070EN&expansion=6&view=text,https://en.cf-vanguard.com/wordpress/wp-content/images/cardlist/bt02/BT02_070EN.png,"vanguard_scrape_out\images\BT02_070EN__Cannon_Fire_Dragon,_Cannon_Gear.png"
6,[BT02]Onslaught of Dragon Souls,BT02/071EN,NGM Prototype,Normal Unit,Nova Grappler,2,8000,5000,"[AUTO]:When this unit intercepts ([Intercept]), if you have a <Nova Grappler> vanguard, this unit gets [Shield]+5000 until end of that battle.",https://en.cf-vanguard.com/cardlist/cardsearch/?cardno=BT02/071EN&expansion=6&view=text,https://en.cf-vanguard.com/wordpress/wp-content/images/cardlist/bt02/BT02_071EN.png,vanguard_scrape_out\images\BT02_071EN__NGM_Prototype.png
6,[BT02]Onslaught of Dragon Souls,BT02/072EN,Cray Soldier,Normal Unit,Nova Grappler,1,4000,5000,"[AUTO](RC):When an attack hits during the battle that this unit boosted ([Boost]) a <Nova Grappler> , [Stand] this unit.",https://en.cf-vanguard.com/cardlist/cardsearch/?cardno=BT02/072EN&expansion=6&view=text,https://en.cf-vanguard.com/wordpress/wp-content/images/cardlist/bt02/BT02_072EN.png,vanguard_scrape_out\images\BT02_072EN__Cray_Soldier.png
6,[BT02]Onslaught of Dragon Souls,BT02/073EN,Three Minutes,Trigger Unit,Nova Grappler,0,5000,5000,-,https://en.cf-vanguard.com/cardlist/cardsearch/?cardno=BT02/073EN&expansion=6&view=text,https://en.cf-vanguard.com/wordpress/wp-content/images/cardlist/bt02/BT02_073EN.png,vanguard_scrape_out\images\BT02_073EN__Three_Minutes.png
6,[BT02]Onslaught of Dragon Souls,BT02/074EN,Red Lightning,Trigger Unit,Nova Grappler,0,4000,10000,"[ACT](RC):[Put this unit into your soul] If you have a <Nova Grappler> vanguard, choose up to one card from your damage zone, and turn it face up.",https://en.cf-vanguard.com/cardlist/cardsearch/?cardno=BT02/074EN&expansion=6&view=text,https://en.cf-vanguard.com/wordpress/wp-content/images/cardlist/bt02/BT02_074EN.png,vanguard_scrape_out\images\BT02_074EN__Red_Lightning.png
6,[BT02]Onslaught of Dragon Souls,BT02/075EN,Blazer Idols,Normal Unit,Bermuda Triangle,1,6000,5000,"[AUTO]:When this unit is placed on (RC), choose another of your <Bermuda Triangle>, and that unit gets [Power]+2000 until end of turn.",https://en.cf-vanguard.com/cardlist/cardsearch/?cardno=BT02/075EN&expansion=6&view=text,https://en.cf-vanguard.com/wordpress/wp-content/images/cardlist/bt02/BT02_075EN.png,vanguard_scrape_out\images\BT02_075EN__Blazer_Idols.png
6,[BT02]Onslaught of Dragon Souls,BT02/076EN,Lady Bomb,Normal Unit,Megacolony,2,9000,5000,"[AUTO]:[Counter-Blast 2] When this unit is placed on (VC) or (RC), you may pay the cost. If you do, choose one of your opponent's rear-guards, and that unit cannot [Stand] during your opponent's next stand phase.",https://en.cf-vanguard.com/cardlist/cardsearch/?cardno=BT02/076EN&expansion=6&view=text,https://en.cf-vanguard.com/wordpress/wp-content/images/cardlist/bt02/BT02_076EN.png,vanguard_scrape_out\images\BT02_076EN__Lady_Bomb.png
6,[BT02]Onslaught of Dragon Souls,BT02/077EN,Phantom Black,Normal Unit,Megacolony,1,8000,5000,-,https://en.cf-vanguard.com/cardlist/cardsearch/?cardno=BT02/077EN&expansion=6&view=text,https://en.cf-vanguard.com/wordpress/wp-content/images/cardlist/bt02/BT02_077EN.png,vanguard_scrape_out\images\BT02_077EN__Phantom_Black.png
6,[BT02]Onslaught of Dragon Souls,BT02/078EN,Megacolony Battler A,Normal Unit,Megacolony,0,5000,10000,"[AUTO]:When this unit is put into the drop zone from (GC), put this card into your soul.",https://en.cf-vanguard.com/cardlist/cardsearch/?cardno=BT02/078EN&expansion=6&view=text,https://en.cf-vanguard.com/wordpress/wp-content/images/cardlist/bt02/BT02_078EN.png,vanguard_scrape_out\images\BT02_078EN__Megacolony_Battler_A.png
6,[BT02]Onslaught of Dragon Souls,BT02/079EN,Silver Wolf,Normal Unit,Great Nature,1,8000,5000,-,https://en.cf-vanguard.com/cardlist/cardsearch/?cardno=BT02/079EN&expansion=6&view=text,https://en.cf-vanguard.com/wordpress/wp-content/images/cardlist/bt02/BT02_079EN.png,vanguard_scrape_out\images\BT02_079EN__Silver_Wolf.png
6,[BT02]Onslaught of Dragon Souls,BT02/080EN,Intelli-mouse,Normal Unit,Great Nature,0,4000,10000,"[ACT](RC):[[Rest[ this unit] Choose one of your <Great Nature> rear-guards, and that unit gets [Power]+4000 until end of turn, and at the beginning of the end phase of that turn, retire it.",https://en.cf-vanguard.com/cardlist/cardsearch/?cardno=BT02/080EN&expansion=6&view=text,https://en.cf-vanguard.com/wordpress/wp-content/images/cardlist/bt02/BT02_080EN.png,vanguard_scrape_out\images\BT02_080EN__Intelli-mouse.png
6,[BT02]Onslaught of Dragon Souls,BT02/S01EN,Sky Diver,Normal Unit,Spike Brothers,3,11000,-,"[CONT](VC)/(RC):If you do not have another <Spike Brothers> vanguard or rear-guard, this unit gets [Power]-2000. [AUTO](RC):[Put this unit into your soul] When this unit's attack hits, you may pay the cost. If you do, choose up to one <Spike Brothers> from your hand, and call it to (RC).",https://en.cf-vanguard.com/cardlist/cardsearch/?cardno=BT02/S01EN&expansion=6&view=text,https://en.cf-vanguard.com/wordpress/wp-content/images/cardlist/bt02/BT02_S01EN.png,vanguard_scrape_out\images\BT02_S01EN__Sky_Diver.png
6,[BT02]Onslaught of Dragon Souls,BT02/S02EN,Spirit Exceed,Normal Unit,Granblue,3,10000,-,"[ACT]Drop zone:[Choose a unit named ""Samurai Spirit"" and a unit named ""Knight Spirit"" from your (RC), and put them into your soul] If you have a grade 2 or greater vanguard, ride this card.",https://en.cf-vanguard.com/cardlist/cardsearch/?cardno=BT02/S02EN&expansion=6&view=text,https://en.cf-vanguard.com/wordpress/wp-content/images/cardlist/bt02/BT02_S02EN.png,vanguard_scrape_out\images\BT02_S02EN__Spirit_Exceed.png
6,[BT02]Onslaught of Dragon Souls,BT02/S03EN,Ruin Shade,Normal Unit,Granblue,2,9000,5000,"[AUTO](VC)/(RC):[Put two cards from the top of your deck into your drop zone] When this unit attacks, if you have a <Granblue> vanguard, you may pay the cost. If you do, this unit gets [Power]+2000 until end of that battle.",https://en.cf-vanguard.com/cardlist/cardsearch/?cardno=BT02/S03EN&expansion=6&view=text,https://en.cf-vanguard.com/wordpress/wp-content/images/cardlist/bt02/BT02_S03EN.png,vanguard_scrape_out\images\BT02_S03EN__Ruin_Shade.png
6,[BT02]Onslaught of Dragon Souls,BT02/S04EN,Soul Saver Dragon,Normal Unit,Royal Paladin,3,10000,-,"[AUTO](VC):When this unit attacks a vanguard, this unit gets [Power]+3000 until end of that battle. [AUTO]:[Soul-Blast 5] When this unit is placed on (VC), you may pay the cost. If you do, choose up to three of your <Royal Paladin> rear-guards, and those units get [Power]+5000 until end of turn.",https://en.cf-vanguard.com/cardlist/cardsearch/?cardno=BT02/S04EN&expansion=6&view=text,https://en.cf-vanguard.com/wordpress/wp-content/images/cardlist/bt02/BT02_S04EN.png,vanguard_scrape_out\images\BT02_S04EN__Soul_Saver_Dragon.png
6,[BT02]Onslaught of Dragon Souls,BT02/S05EN,Blazing Flare Dragon,Normal Unit,Kagero,3,10000,-,"[AUTO](VC)/(RC):During your main phase, when an opponent's rear-guard is put into the drop zone, this unit gets [Power]+3000 until end of turn. [ACT](VC):[Soul-Blast 5] Choose one of your opponent's rear-guards, and retire it.",https://en.cf-vanguard.com/cardlist/cardsearch/?cardno=BT02/S05EN&expansion=6&view=text,https://en.cf-vanguard.com/wordpress/wp-content/images/cardlist/bt02/BT02_S05EN.png,vanguard_scrape_out\images\BT02_S05EN__Blazing_Flare_Dragon.png
6,[BT02]Onslaught of Dragon Souls,BT02/S06EN,Seal Dragon Blockade,Normal Unit,Kagero,3,10000,-,"[CONT](VC):During your turn, your opponent's units cannot intercept ([Intercept]).",https://en.cf-vanguard.com/cardlist/cardsearch/?cardno=BT02/S06EN&expansion=6&view=text,https://en.cf-vanguard.com/wordpress/wp-content/images/cardlist/bt02/BT02_S06EN.png,vanguard_scrape_out\images\BT02_S06EN__Seal_Dragon_Blockade.png
6,[BT02]Onslaught of Dragon Souls,BT02/S07EN,"Scarlet Witch, CoCo",Normal Unit,Oracle Think Tank,3,10000,-,"[CONT](VC):During your turn, if you do not have any cards in your soul, this unit gets [Power]+3000. [AUTO]:[Counter-Blast 2] When this unit is placed on (VC), if the number of cards in your soul is one or less, you may pay the cost. If you do, draw up to two cards.",https://en.cf-vanguard.com/cardlist/cardsearch/?cardno=BT02/S07EN&expansion=6&view=text,https://en.cf-vanguard.com/wordpress/wp-content/images/cardlist/bt02/BT02_S07EN.png,"vanguard_scrape_out\images\BT02_S07EN__Scarlet_Witch,_CoCo.png"
6,[BT02]Onslaught of Dragon Souls,BT02/S08EN,Lion Heat,Normal Unit,Nova Grappler,3,10000,-,"[AUTO](VC):[Counter-Blast 2] When this unit's attack hits a vanguard, you may pay the cost. If you do, choose one of your <Nova Grappler> rear-guards, and [Stand] it. [AUTO](RC):[Counter-Blast 2] When this unit's attack hits a vanguard, you may pay the cost. If you do, choose one of your grade 1 or less <Nova Grappler> rear-guards, and [Stand] it.",https://en.cf-vanguard.com/cardlist/cardsearch/?cardno=BT02/S08EN&expansion=6&view=text,https://en.cf-vanguard.com/wordpress/wp-content/images/cardlist/bt02/BT02_S08EN.png,vanguard_scrape_out\images\BT02_S08EN__Lion_Heat.png
6,[BT02]Onslaught of Dragon Souls,BT02/S09EN,General Seifried,Normal Unit,Spike Brothers,3,10000,-,"[AUTO](VC):When this unit's drive check reveals a grade 3 <Spike Brothers>, you may call that card to an open (RC). [AUTO](VC):When this unit is boosted ([Boost]) by a <Spike Brothers>, this unit gets [Power]+3000 until end of that battle.",https://en.cf-vanguard.com/cardlist/cardsearch/?cardno=BT02/S09EN&expansion=6&view=text,https://en.cf-vanguard.com/wordpress/wp-content/images/cardlist/bt02/BT02_S09EN.png,vanguard_scrape_out\images\BT02_S09EN__General_Seifried.png
6,[BT02]Onslaught of Dragon Souls,BT02/S10EN,"Witch Doctor of the Abyss, Negromarl",Normal Unit,Granblue,3,8000,-,"[AUTO]:[Counter-Blast 2] When this unit is placed on (VC) or (RC), if you have a <Granblue> vanguard, you may pay the cost. If you do, choose a card from your drop zone, and call it to (RC).",https://en.cf-vanguard.com/cardlist/cardsearch/?cardno=BT02/S10EN&expansion=6&view=text,https://en.cf-vanguard.com/wordpress/wp-content/images/cardlist/bt02/BT02_S10EN.png,"vanguard_scrape_out\images\BT02_S10EN__Witch_Doctor_of_the_Abyss,_Negromarl.png"
6,[BT02]Onslaught of Dragon Souls,BT02/S11EN,"Top Idol, Flores",Normal Unit,Bermuda Triangle,3,10000,-,"[AUTO](VC)/(RC):[Soul-Blast 2] When this unit's attack hits, you may pay the cost. If you do, choose one of your <Bermuda Triangle> rear-guards, and return it to your hand.",https://en.cf-vanguard.com/cardlist/cardsearch/?cardno=BT02/S11EN&expansion=6&view=text,https://en.cf-vanguard.com/wordpress/wp-content/images/cardlist/bt02/BT02_S11EN.png,"vanguard_scrape_out\images\BT02_S11EN__Top_Idol,_Flores.png"
6,[BT02]Onslaught of Dragon Souls,BT02/S12EN,"Top Idol, Aqua",Normal Unit,Bermuda Triangle,2,10000,5000,-,https://en.cf-vanguard.com/cardlist/cardsearch/?cardno=BT02/S12EN&expansion=6&view=text,https://en.cf-vanguard.com/wordpress/wp-content/images/cardlist/bt02/BT02_S12EN.png,"vanguard_scrape_out\images\BT02_S12EN__Top_Idol,_Aqua.png"
12,[BT03]Demonic Lord Invasion,BT03/001EN,Stil Vampir,Normal Unit,Dark Irregulars,3,10000,0,"[AUTO](VC):At the beginning of your main phase, [Soul-Charge] 1, and this unit gets [Power] +2000 until end of turn. [ACT](VC/RC):[Soul-Blast 8 & Counter-Blast 5] Choose one of your opponent's rear-guards, and put that unit on your opponent's (VC), and at the beginning of the end phase of that turn, your opponent chooses a card from his or her soul, and rides it.",https://en.cf-vanguard.com/cardlist/cardsearch/?cardno=BT03/001EN&expansion=12&view=text,https://en.cf-vanguard.com/wordpress/wp-content/images/cardlist/bt03/BT03_001EN.png,vanguard_scrape_out\images\BT03_001EN__Stil_Vampir.png
12,[BT03]Demonic Lord Invasion,BT03/002EN,"Demon World Marquis, Amon",Normal Unit,Dark Irregulars,3,10000,0,"[CONT](VC):During your turn, this unit gets [Power] +1000 for each <Dark Irregulars> in your soul. [ACT](VC):[Counter-Blast 1 & Choose one of your <Dark Irregulars> rear-guards, and put it into your soul] Your opponent chooses one of his or her rear-guards, and retires it.",https://en.cf-vanguard.com/cardlist/cardsearch/?cardno=BT03/002EN&expansion=12&view=text,https://en.cf-vanguard.com/wordpress/wp-content/images/cardlist/bt03/BT03_002EN.png,"vanguard_scrape_out\images\BT03_002EN__Demon_World_Marquis,_Amon.png"
12,[BT03]Demonic Lord Invasion,BT03/003EN,"Nightmare Doll, Alice",Normal Unit,Pale Moon,3,10000,0,"[AUTO](RC):[Counter-Blast 1 & Put this unit into your soul] When this unit's attack hits, if you have a <Pale Moon> vanguard, you may pay the cost. If you do, choose a <Pale Moon> other than a card named ""Nightmare Doll, Alice"" from your soul, and call it to (RC).",https://en.cf-vanguard.com/cardlist/cardsearch/?cardno=BT03/003EN&expansion=12&view=text,https://en.cf-vanguard.com/wordpress/wp-content/images/cardlist/bt03/BT03_003EN.png,"vanguard_scrape_out\images\BT03_003EN__Nightmare_Doll,_Alice.png"
12,[BT03]Demonic Lord Invasion,BT03/004EN,"Ravenous Dragon, Gigarex",Normal Unit,Tachikaze,3,10000,0,"[AUTO](VC/RC):During your turn, when another of your <Tachikaze> rear-guards is put into the drop zone, this unit gets [Power] +1000 until end of turn.",https://en.cf-vanguard.com/cardlist/cardsearch/?cardno=BT03/004EN&expansion=12&view=text,https://en.cf-vanguard.com/wordpress/wp-content/images/cardlist/bt03/BT03_004EN.png,"vanguard_scrape_out\images\BT03_004EN__Ravenous_Dragon,_Gigarex.png"
12,[BT03]Demonic Lord Invasion,BT03/005EN,"Swordsman of the Explosive Flames, Palamedes",Normal Unit,Royal Paladin,3,10000,0,"[AUTO](VC/RC):When this unit attacks, if the number of grade 3 <Royal Paladin> vanguards and/or rear-guards you have is two or more, this unit gets [Power] +3000 until end of that battle.",https://en.cf-vanguard.com/cardlist/cardsearch/?cardno=BT03/005EN&expansion=12&view=text,https://en.cf-vanguard.com/wordpress/wp-content/images/cardlist/bt03/BT03_005EN.png,"vanguard_scrape_out\images\BT03_005EN__Swordsman_of_the_Explosive_Flames,_Palamedes.png"
12,[BT03]Demonic Lord Invasion,BT03/006EN,"Goddess of the Full Moon, Tsukuyomi",Normal Unit,Oracle Think Tank,3,11000,0,"[CONT](VC/RC):If you do not have a card named ""Goddess of the Half Moon, Tsukuyomi"", a card named ""Goddess of the Crescent Moon, Tsukuyomi"", and a card named ""Godhawk, Ichibyoshi"" in your soul, this unit gets [Power] -2000. [ACT](VC):[Counter-Blast 2] If the number of <Oracle Think Tank> in your soul is six or more, draw two cards, choose a card from your hand, and put it into your soul.",https://en.cf-vanguard.com/cardlist/cardsearch/?cardno=BT03/006EN&expansion=12&view=text,https://en.cf-vanguard.com/wordpress/wp-content/images/cardlist/bt03/BT03_006EN.png,"vanguard_scrape_out\images\BT03_006EN__Goddess_of_the_Full_Moon,_Tsukuyomi.png"
12,[BT03]Demonic Lord Invasion,BT03/007EN,"Goddess of the Half Moon, Tsukuyomi",Normal Unit,Oracle Think Tank,2,9000,5000,"[AUTO]:When this unit is placed on (VC), if you have a card named ""Goddess of the Crescent Moon, Tsukuyomi"" and a card named ""Godhawk, Ichibyoshi"" in your soul, you may [Soul-Charge] 2. [AUTO](VC):At the beginning of your ride phase, look at five cards from the top of your deck, search for up to one card named ""Goddess of the Full Moon, Tsukuyomi"" from among them, ride it, and put the rest on the bottom of your deck in any order. If you rode, you cannot normal ride during that ride phase.",https://en.cf-vanguard.com/cardlist/cardsearch/?cardno=BT03/007EN&expansion=12&view=text,https://en.cf-vanguard.com/wordpress/wp-content/images/cardlist/bt03/BT03_007EN.png,"vanguard_scrape_out\images\BT03_007EN__Goddess_of_the_Half_Moon,_Tsukuyomi.png"
12,[BT03]Demonic Lord Invasion,BT03/008EN,"Ultimate Lifeform, Cosmo Lord",Normal Unit,Nova Grappler,3,10000,0,"[ACT](VC):[Choose one of your <Nova Grappler> rear-guards, and [Rest] it] This unit gets [Power] +3000 until end of turn.",https://en.cf-vanguard.com/cardlist/cardsearch/?cardno=BT03/008EN&expansion=12&view=text,https://en.cf-vanguard.com/wordpress/wp-content/images/cardlist/bt03/BT03_008EN.png,"vanguard_scrape_out\images\BT03_008EN__Ultimate_Lifeform,_Cosmo_Lord.png"
12,[BT03]Demonic Lord Invasion,BT03/009EN,Edel Rose,Normal Unit,Dark Irregulars,3,9000,0,"[ACT](VC):[Counter-Blast 2] If you have a card named ""Werwolf Sieger"" in your soul, this unit gets [Power] +5000/[Critical] +1 until end of turn. [ACT](Hand):[Reveal this card to your opponent, and put it on top of your deck] Search your deck for up to one card named ""Werwolf Sieger"", reveal it to your opponent, put it into your hand, and shuffle your deck.",https://en.cf-vanguard.com/cardlist/cardsearch/?cardno=BT03/009EN&expansion=12&view=text,https://en.cf-vanguard.com/wordpress/wp-content/images/cardlist/bt03/BT03_009EN.png,vanguard_scrape_out\images\BT03_009EN__Edel_Rose.png
12,[BT03]Demonic Lord Invasion,BT03/010EN,Gwynn the Ripper,Normal Unit,Dark Irregulars,2,9000,5000,"[AUTO]:[Counter-Blast 2] When this unit is placed on (VC) or (RC), if you have a <Dark Irregulars> vanguard, you may pay the cost. If you do, choose one of your opponent's grade 2 or less rear-guards, and retire it.",https://en.cf-vanguard.com/cardlist/cardsearch/?cardno=BT03/010EN&expansion=12&view=text,https://en.cf-vanguard.com/wordpress/wp-content/images/cardlist/bt03/BT03_010EN.png,vanguard_scrape_out\images\BT03_010EN__Gwynn_the_Ripper.png
12,[BT03]Demonic Lord Invasion,BT03/011EN,March Rabbit of Nightmareland,Normal Unit,Dark Irregulars,1,6000,0,"[AUTO]:[Choose a <Dark Irregulars> from your hand, and discard it] When this unit is placed on (GC), you may pay the cost. If you do, choose one of your <Dark Irregulars> that is being attacked, and that unit cannot be hit until end of that battle.",https://en.cf-vanguard.com/cardlist/cardsearch/?cardno=BT03/011EN&expansion=12&view=text,https://en.cf-vanguard.com/wordpress/wp-content/images/cardlist/bt03/BT03_011EN.png,vanguard_scrape_out\images\BT03_011EN__March_Rabbit_of_Nightmareland.png
12,[BT03]Demonic Lord Invasion,BT03/012EN,Doreen the Thruster,Normal Unit,Dark Irregulars,1,6000,5000,"[AUTO](RC):During your main phase, when a card is put into your soul, if you have a <Dark Irregulars> vanguard, this unit gets [Power] +3000 until end of turn.",https://en.cf-vanguard.com/cardlist/cardsearch/?cardno=BT03/012EN&expansion=12&view=text,https://en.cf-vanguard.com/wordpress/wp-content/images/cardlist/bt03/BT03_012EN.png,vanguard_scrape_out\images\BT03_012EN__Doreen_the_Thruster.png
12,[BT03]Demonic Lord Invasion,BT03/013EN,"Dusk Illusionist, Robert",Normal Unit,Pale Moon,3,10000,0,"[AUTO](VC):At the beginning of your main phase, [Soul-Charge] 1, look at the top card of your deck, and put that card on the top or the bottom of your deck. [ACT](VC/RC):[Soul-Blast 8 & Counter-Blast 5] Put all of your opponent's grade 1 or less rear-guards into his or her soul.",https://en.cf-vanguard.com/cardlist/cardsearch/?cardno=BT03/013EN&expansion=12&view=text,https://en.cf-vanguard.com/wordpress/wp-content/images/cardlist/bt03/BT03_013EN.png,"vanguard_scrape_out\images\BT03_013EN__Dusk_Illusionist,_Robert.png"
12,[BT03]Demonic Lord Invasion,BT03/014EN,Crimson Beast Tamer,Normal Unit,Pale Moon,2,8000,5000,"[CONT](VC/RC):During your turn, if you have a card named ""Crimson Beast Tamer"" in your soul, this unit gets [Power] +3000.",https://en.cf-vanguard.com/cardlist/cardsearch/?cardno=BT03/014EN&expansion=12&view=text,https://en.cf-vanguard.com/wordpress/wp-content/images/cardlist/bt03/BT03_014EN.png,vanguard_scrape_out\images\BT03_014EN__Crimson_Beast_Tamer.png
12,[BT03]Demonic Lord Invasion,BT03/015EN,Mirror Demon,Normal Unit,Pale Moon,2,8000,5000,"[AUTO](RC):[Counter-Blast 1 & Put this unit into your soul] When this unit's attack hits, if you have a <Pale Moon> vanguard, you may pay the cost. If you do, choose a <Pale Moon> other than a card named ""Mirror Demon"" from your soul, and call it to (RC).",https://en.cf-vanguard.com/cardlist/cardsearch/?cardno=BT03/015EN&expansion=12&view=text,https://en.cf-vanguard.com/wordpress/wp-content/images/cardlist/bt03/BT03_015EN.png,vanguard_scrape_out\images\BT03_015EN__Mirror_Demon.png
12,[BT03]Demonic Lord Invasion,BT03/016EN,Hades Hypnotist,Normal Unit,Pale Moon,1,6000,0,"[AUTO]:[Choose a <Pale Moon> from your hand, and discard it] When this unit is placed on (GC), you may pay the cost. If you do, choose one of your <Pale Moon> that is being attacked, and that unit cannot be hit until end of that battle.",https://en.cf-vanguard.com/cardlist/cardsearch/?cardno=BT03/016EN&expansion=12&view=text,https://en.cf-vanguard.com/wordpress/wp-content/images/cardlist/bt03/BT03_016EN.png,vanguard_scrape_out\images\BT03_016EN__Hades_Hypnotist.png
12,[BT03]Demonic Lord Invasion,BT03/017EN,Archbird,Normal Unit,Tachikaze,1,6000,0,"[AUTO]:[Choose a <Tachikaze> from your hand, and discard it] When this unit is placed on (GC), you may pay the cost. If you do, choose one of your <Tachikaze> that is being attacked, and that unit cannot be hit until end of that battle.",https://en.cf-vanguard.com/cardlist/cardsearch/?cardno=BT03/017EN&expansion=12&view=text,https://en.cf-vanguard.com/wordpress/wp-content/images/cardlist/bt03/BT03_017EN.png,vanguard_scrape_out\images\BT03_017EN__Archbird.png
12,[BT03]Demonic Lord Invasion,BT03/018EN,"Knight of Godly Speed, Galahad",Normal Unit,Royal Paladin,3,11000,0,"[CONT](VC/RC):If you do not have a card named ""Knight of Tribulations, Galahad"", a card named ""Knight of Quests, Galahad"", and a card named ""Drangal"" in your soul, this unit gets [Power] -2000. [ACT](VC):[Counter-Blast 2] If the number of <Royal Paladin> in your soul is six or more, this unit gets [Power] +3000/[Critical] +1 until end of turn.",https://en.cf-vanguard.com/cardlist/cardsearch/?cardno=BT03/018EN&expansion=12&view=text,https://en.cf-vanguard.com/wordpress/wp-content/images/cardlist/bt03/BT03_018EN.png,"vanguard_scrape_out\images\BT03_018EN__Knight_of_Godly_Speed,_Galahad.png"
12,[BT03]Demonic Lord Invasion,BT03/019EN,Dual Axe Archdragon,Normal Unit,Kagero,3,10000,0,"[AUTO](VC/RC):When this unit attacks, if the number of rear-guards your opponent has is two or less, this unit gets [Power] +3000 until end of that battle.",https://en.cf-vanguard.com/cardlist/cardsearch/?cardno=BT03/019EN&expansion=12&view=text,https://en.cf-vanguard.com/wordpress/wp-content/images/cardlist/bt03/BT03_019EN.png,vanguard_scrape_out\images\BT03_019EN__Dual_Axe_Archdragon.png
12,[BT03]Demonic Lord Invasion,BT03/020EN,"Super Dimensional Robo, Daiyusha",Normal Unit,Dimension Police,3,10000,0,"[AUTO](VC):At the beginning of your attack step, if this unit's [Power] is 14000 or greater, this unit gets [Critical] +1 until end of that battle.",https://en.cf-vanguard.com/cardlist/cardsearch/?cardno=BT03/020EN&expansion=12&view=text,https://en.cf-vanguard.com/wordpress/wp-content/images/cardlist/bt03/BT03_020EN.png,"vanguard_scrape_out\images\BT03_020EN__Super_Dimensional_Robo,_Daiyusha.png"
12,[BT03]Demonic Lord Invasion,BT03/021EN,"Imprisoned Fallen Angel, Saraqael",Normal Unit,Dark Irregulars,2,11000,5000,"[CONT](VC/RC):Restraint (This unit cannot attack.) [ACT](VC/RC):[Soul-Blast 3] This unit loses ""Restraint"" until end of turn. [AUTO](VC):When this unit is boosted ([Boost]) by a <Dark Irregulars>, this unit gets [Power] +5000 until end of that battle.",https://en.cf-vanguard.com/cardlist/cardsearch/?cardno=BT03/021EN&expansion=12&view=text,https://en.cf-vanguard.com/wordpress/wp-content/images/cardlist/bt03/BT03_021EN.png,"vanguard_scrape_out\images\BT03_021EN__Imprisoned_Fallen_Angel,_Saraqael.png"
12,[BT03]Demonic Lord Invasion,BT03/022EN,Werwolf Sieger,Normal Unit,Dark Irregulars,2,10000,5000,-,https://en.cf-vanguard.com/cardlist/cardsearch/?cardno=BT03/022EN&expansion=12&view=text,https://en.cf-vanguard.com/wordpress/wp-content/images/cardlist/bt03/BT03_022EN.png,vanguard_scrape_out\images\BT03_022EN__Werwolf_Sieger.png
12,[BT03]Demonic Lord Invasion,BT03/023EN,"Demon of Aspiration, Amon",Normal Unit,Dark Irregulars,2,8000,5000,"[CONT](VC/RC):During your turn, if the number of <Dark Irregulars> in your soul is six or more, this unit gets [Power] +3000.",https://en.cf-vanguard.com/cardlist/cardsearch/?cardno=BT03/023EN&expansion=12&view=text,https://en.cf-vanguard.com/wordpress/wp-content/images/cardlist/bt03/BT03_023EN.png,"vanguard_scrape_out\images\BT03_023EN__Demon_of_Aspiration,_Amon.png"
12,[BT03]Demonic Lord Invasion,BT03/024EN,Alluring Succubus,Normal Unit,Dark Irregulars,1,7000,5000,"[AUTO]:When this unit is placed on (VC) or (RC), if you have a <Dark Irregulars> vanguard, you may [Soul-Charge] 1.",https://en.cf-vanguard.com/cardlist/cardsearch/?cardno=BT03/024EN&expansion=12&view=text,https://en.cf-vanguard.com/wordpress/wp-content/images/cardlist/bt03/BT03_024EN.png,vanguard_scrape_out\images\BT03_024EN__Alluring_Succubus.png
12,[BT03]Demonic Lord Invasion,BT03/025EN,Vermillion Gatekeeper,Normal Unit,Dark Irregulars,0,5000,10000,"[AUTO](VC):When another <Dark Irregulars> rides this unit, you may [Soul-Charge] 1.",https://en.cf-vanguard.com/cardlist/cardsearch/?cardno=BT03/025EN&expansion=12&view=text,https://en.cf-vanguard.com/wordpress/wp-content/images/cardlist/bt03/BT03_025EN.png,vanguard_scrape_out\images\BT03_025EN__Vermillion_Gatekeeper.png
12,[BT03]Demonic Lord Invasion,BT03/026EN,Bloody Calf,Normal Unit,Dark Irregulars,1,7000,5000,"[AUTO]:[Counter-Blast 2] When this unit is placed on (VC) or (RC), if you have a <Dark Irregulars> vanguard, you may pay the cost. If you do, choose one of your opponent's grade 1 or less rear-guards, and retire it.",https://en.cf-vanguard.com/cardlist/cardsearch/?cardno=BT03/026EN&expansion=12&view=text,https://en.cf-vanguard.com/wordpress/wp-content/images/cardlist/bt03/BT03_026EN.png,vanguard_scrape_out\images\BT03_026EN__Bloody_Calf.png
12,[BT03]Demonic Lord Invasion,BT03/027EN,Barking Manticore,Normal Unit,Pale Moon,3,10000,0,"[CONT](VC):During your turn, if you have a card named ""Crimson Beast Tamer"" in your soul, this unit gets [Power] +3000. [AUTO]:When this unit is placed on (VC), draw a card, choose a card from your hand, and put it into your soul.",https://en.cf-vanguard.com/cardlist/cardsearch/?cardno=BT03/027EN&expansion=12&view=text,https://en.cf-vanguard.com/wordpress/wp-content/images/cardlist/bt03/BT03_027EN.png,vanguard_scrape_out\images\BT03_027EN__Barking_Manticore.png
12,[BT03]Demonic Lord Invasion,BT03/028EN,Barking Cerberus,Normal Unit,Pale Moon,2,10000,5000,-,https://en.cf-vanguard.com/cardlist/cardsearch/?cardno=BT03/028EN&expansion=12&view=text,https://en.cf-vanguard.com/wordpress/wp-content/images/cardlist/bt03/BT03_028EN.png,vanguard_scrape_out\images\BT03_028EN__Barking_Cerberus.png
12,[BT03]Demonic Lord Invasion,BT03/029EN,Skull Juggler,Normal Unit,Pale Moon,1,7000,5000,"[AUTO]:When this unit is placed on (VC) or (RC), if you have a <Pale Moon> vanguard, you may [Soul-Charge] 1.",https://en.cf-vanguard.com/cardlist/cardsearch/?cardno=BT03/029EN&expansion=12&view=text,https://en.cf-vanguard.com/wordpress/wp-content/images/cardlist/bt03/BT03_029EN.png,vanguard_scrape_out\images\BT03_029EN__Skull_Juggler.png
12,[BT03]Demonic Lord Invasion,BT03/030EN,Midnight Bunny,Normal Unit,Pale Moon,1,7000,5000,"[AUTO](RC):[Counter-Blast 1 & Put this unit into your soul] When an attack hits during the battle that this unit boosted ([Boost]), if you have a <Pale Moon> vanguard, you may pay the cost. If you do, choose a <Pale Moon> other than a card named ""Midnight Bunny"" from your soul, and call it to (RC).",https://en.cf-vanguard.com/cardlist/cardsearch/?cardno=BT03/030EN&expansion=12&view=text,https://en.cf-vanguard.com/wordpress/wp-content/images/cardlist/bt03/BT03_030EN.png,vanguard_scrape_out\images\BT03_030EN__Midnight_Bunny.png
12,[BT03]Demonic Lord Invasion,BT03/031EN,Turquoise Beast Tamer,Normal Unit,Pale Moon,1,6000,5000,"[CONT](VC/RC):During your turn, if you have a card named ""Crimson Beast Tamer"" in your soul, this unit gets [Power] +3000.",https://en.cf-vanguard.com/cardlist/cardsearch/?cardno=BT03/031EN&expansion=12&view=text,https://en.cf-vanguard.com/wordpress/wp-content/images/cardlist/bt03/BT03_031EN.png,vanguard_scrape_out\images\BT03_031EN__Turquoise_Beast_Tamer.png
12,[BT03]Demonic Lord Invasion,BT03/032EN,Hades Ringmaster,Normal Unit,Pale Moon,0,5000,10000,"[AUTO](VC):When another <Pale Moon> rides this unit, you may [Soul-Charge] 1.",https://en.cf-vanguard.com/cardlist/cardsearch/?cardno=BT03/032EN&expansion=12&view=text,https://en.cf-vanguard.com/wordpress/wp-content/images/cardlist/bt03/BT03_032EN.png,vanguard_scrape_out\images\BT03_032EN__Hades_Ringmaster.png
12,[BT03]Demonic Lord Invasion,BT03/033EN,"Raging Dragon, Blastsaurus",Normal Unit,Tachikaze,3,9000,0,"[AUTO]:[Choose a card from your hand, and discard it] When this unit is put into the drop zone from (RC), you may pay the cost. If you do, search your deck for up to one card named ""Raging Dragon, Blastsaurus"", call it to (RC), and shuffle your deck.",https://en.cf-vanguard.com/cardlist/cardsearch/?cardno=BT03/033EN&expansion=12&view=text,https://en.cf-vanguard.com/wordpress/wp-content/images/cardlist/bt03/BT03_033EN.png,"vanguard_scrape_out\images\BT03_033EN__Raging_Dragon,_Blastsaurus.png"
12,[BT03]Demonic Lord Invasion,BT03/034EN,"Ravenous Dragon, Megarex",Normal Unit,Tachikaze,2,10000,5000,-,https://en.cf-vanguard.com/cardlist/cardsearch/?cardno=BT03/034EN&expansion=12&view=text,https://en.cf-vanguard.com/wordpress/wp-content/images/cardlist/bt03/BT03_034EN.png,"vanguard_scrape_out\images\BT03_034EN__Ravenous_Dragon,_Megarex.png"
12,[BT03]Demonic Lord Invasion,BT03/035EN,Savage Warrior,Normal Unit,Tachikaze,1,6000,5000,"[AUTO](VC/RC):During your turn, when another of your <Tachikaze> rear-guards is put into the drop zone, this unit gets [Power] +1000 until end of turn.",https://en.cf-vanguard.com/cardlist/cardsearch/?cardno=BT03/035EN&expansion=12&view=text,https://en.cf-vanguard.com/wordpress/wp-content/images/cardlist/bt03/BT03_035EN.png,vanguard_scrape_out\images\BT03_035EN__Savage_Warrior.png
12,[BT03]Demonic Lord Invasion,BT03/036EN,Toypugal,Normal Unit,Royal Paladin,1,6000,5000,"[AUTO](VC/RC):When this unit boosts ([Boost]), if the number of grade 3 <Royal Paladin> vanguards and/or rear-guards you have is two or more, this unit gets [Power] +3000 until end of that battle.",https://en.cf-vanguard.com/cardlist/cardsearch/?cardno=BT03/036EN&expansion=12&view=text,https://en.cf-vanguard.com/wordpress/wp-content/images/cardlist/bt03/BT03_036EN.png,vanguard_scrape_out\images\BT03_036EN__Toypugal.png
12,[BT03]Demonic Lord Invasion,BT03/037EN,Drangal,Normal Unit,Royal Paladin,0,5000,10000,"[AUTO](VC):At the beginning of your ride phase, look at five cards from the top of your deck, search for up to one card named ""Knight of Quests, Galahad"" from among them, ride it, and put the rest on the bottom of your deck in any order. If you rode, you cannot normal ride during that ride phase.",https://en.cf-vanguard.com/cardlist/cardsearch/?cardno=BT03/037EN&expansion=12&view=text,https://en.cf-vanguard.com/wordpress/wp-content/images/cardlist/bt03/BT03_037EN.png,vanguard_scrape_out\images\BT03_037EN__Drangal.png
12,[BT03]Demonic Lord Invasion,BT03/038EN,"Oracle Guardian, Blue Eye",Normal Unit,Oracle Think Tank,1,5000,5000,"[AUTO](RC):When this unit boosts ([Boost]), if the number of <Oracle Think Tank> in your soul is six or more, draw a card, choose a card from your hand, and put it on the bottom of your deck.",https://en.cf-vanguard.com/cardlist/cardsearch/?cardno=BT03/038EN&expansion=12&view=text,https://en.cf-vanguard.com/wordpress/wp-content/images/cardlist/bt03/BT03_038EN.png,"vanguard_scrape_out\images\BT03_038EN__Oracle_Guardian,_Blue_Eye.png"
12,[BT03]Demonic Lord Invasion,BT03/039EN,"Godhawk, Ichibyoshi",Normal Unit,Oracle Think Tank,0,5000,10000,"[AUTO](VC):At the beginning of your ride phase, look at five cards from the top of your deck, search for up to one card named ""Goddess of the Crescent Moon, Tsukuyomi"" from among them, ride it, and put the rest on the bottom of your deck in any order. If you rode, you cannot normal ride during that ride phase.",https://en.cf-vanguard.com/cardlist/cardsearch/?cardno=BT03/039EN&expansion=12&view=text,https://en.cf-vanguard.com/wordpress/wp-content/images/cardlist/bt03/BT03_039EN.png,"vanguard_scrape_out\images\BT03_039EN__Godhawk,_Ichibyoshi.png"
12,[BT03]Demonic Lord Invasion,BT03/040EN,Circle Magus,Normal Unit,Oracle Think Tank,1,7000,5000,"[AUTO]:When this unit is placed on (VC) or (RC), if you have an <Oracle Think Tank> vanguard, look at the top card of your deck, and put that card on top of your deck.",https://en.cf-vanguard.com/cardlist/cardsearch/?cardno=BT03/040EN&expansion=12&view=text,https://en.cf-vanguard.com/wordpress/wp-content/images/cardlist/bt03/BT03_040EN.png,vanguard_scrape_out\images\BT03_040EN__Circle_Magus.png
12,[BT03]Demonic Lord Invasion,BT03/041EN,Death Army Lady,Normal Unit,Nova Grappler,2,9000,5000,"[AUTO](RC):When your vanguard's drive check reveals a grade 3 <Nova Grappler>, [Stand] this unit.",https://en.cf-vanguard.com/cardlist/cardsearch/?cardno=BT03/041EN&expansion=12&view=text,https://en.cf-vanguard.com/wordpress/wp-content/images/cardlist/bt03/BT03_041EN.png,vanguard_scrape_out\images\BT03_041EN__Death_Army_Lady.png
12,[BT03]Demonic Lord Invasion,BT03/042EN,Death Army Guy,Normal Unit,Nova Grappler,1,7000,5000,"[AUTO](RC):When your vanguard's drive check reveals a grade 3 <Nova Grappler>, [Stand] this unit.",https://en.cf-vanguard.com/cardlist/cardsearch/?cardno=BT03/042EN&expansion=12&view=text,https://en.cf-vanguard.com/wordpress/wp-content/images/cardlist/bt03/BT03_042EN.png,vanguard_scrape_out\images\BT03_042EN__Death_Army_Guy.png
12,[BT03]Demonic Lord Invasion,BT03/043EN,Decadent Succubus,Normal Unit,Dark Irregulars,2,9000,5000,"[AUTO](VC):When another of your <Dark Irregulars> is placed on (RC), you may [Soul-Charge] 1.",https://en.cf-vanguard.com/cardlist/cardsearch/?cardno=BT03/043EN&expansion=12&view=text,https://en.cf-vanguard.com/wordpress/wp-content/images/cardlist/bt03/BT03_043EN.png,vanguard_scrape_out\images\BT03_043EN__Decadent_Succubus.png
12,[BT03]Demonic Lord Invasion,BT03/044EN,Prisoner Beast,Normal Unit,Dark Irregulars,1,8000,5000,-,https://en.cf-vanguard.com/cardlist/cardsearch/?cardno=BT03/044EN&expansion=12&view=text,https://en.cf-vanguard.com/wordpress/wp-content/images/cardlist/bt03/BT03_044EN.png,vanguard_scrape_out\images\BT03_044EN__Prisoner_Beast.png
12,[BT03]Demonic Lord Invasion,BT03/045EN,"Poet of Darkness, Amon",Normal Unit,Dark Irregulars,1,6000,5000,"[CONT](VC/RC):During your turn, if the number of <Dark Irregulars> in your soul is six or more, this unit gets [Power] +3000.",https://en.cf-vanguard.com/cardlist/cardsearch/?cardno=BT03/045EN&expansion=12&view=text,https://en.cf-vanguard.com/wordpress/wp-content/images/cardlist/bt03/BT03_045EN.png,"vanguard_scrape_out\images\BT03_045EN__Poet_of_Darkness,_Amon.png"
12,[BT03]Demonic Lord Invasion,BT03/046EN,Blitzritter,Trigger Unit,Dark Irregulars,0,5000,10000,-,https://en.cf-vanguard.com/cardlist/cardsearch/?cardno=BT03/046EN&expansion=12&view=text,https://en.cf-vanguard.com/wordpress/wp-content/images/cardlist/bt03/BT03_046EN.png,vanguard_scrape_out\images\BT03_046EN__Blitzritter.png
12,[BT03]Demonic Lord Invasion,BT03/047EN,Hades Puppet Master,Trigger Unit,Dark Irregulars,0,5000,10000,-,https://en.cf-vanguard.com/cardlist/cardsearch/?cardno=BT03/047EN&expansion=12&view=text,https://en.cf-vanguard.com/wordpress/wp-content/images/cardlist/bt03/BT03_047EN.png,vanguard_scrape_out\images\BT03_047EN__Hades_Puppet_Master.png
12,[BT03]Demonic Lord Invasion,BT03/048EN,Cursed Doctor,Trigger Unit,Dark Irregulars,0,5000,10000,"(You may only have up to four cards with ""[Heal] HEAL"" in a deck.)",https://en.cf-vanguard.com/cardlist/cardsearch/?cardno=BT03/048EN&expansion=12&view=text,https://en.cf-vanguard.com/wordpress/wp-content/images/cardlist/bt03/BT03_048EN.png,vanguard_scrape_out\images\BT03_048EN__Cursed_Doctor.png
12,[BT03]Demonic Lord Invasion,BT03/049EN,Dark Queen of Nightmareland,Trigger Unit,Dark Irregulars,0,4000,10000,"[AUTO](RC):When an attack hits during the battle that this unit boosted ([Boost]), you may [Soul-Charge] 1. If you do, return this unit to your deck, and shuffle your deck.",https://en.cf-vanguard.com/cardlist/cardsearch/?cardno=BT03/049EN&expansion=12&view=text,https://en.cf-vanguard.com/wordpress/wp-content/images/cardlist/bt03/BT03_049EN.png,vanguard_scrape_out\images\BT03_049EN__Dark_Queen_of_Nightmareland.png
12,[BT03]Demonic Lord Invasion,BT03/050EN,Elephant Juggler,Normal Unit,Pale Moon,2,9000,5000,"[AUTO](VC):When another of your <Pale Moon> is placed on (RC), you may [Soul-Charge] 1.",https://en.cf-vanguard.com/cardlist/cardsearch/?cardno=BT03/050EN&expansion=12&view=text,https://en.cf-vanguard.com/wordpress/wp-content/images/cardlist/bt03/BT03_050EN.png,vanguard_scrape_out\images\BT03_050EN__Elephant_Juggler.png
12,[BT03]Demonic Lord Invasion,BT03/051EN,Hungry Clown,Normal Unit,Pale Moon,2,9000,5000,"[AUTO](VC/RC): When this unit's attack hits, if you have a <Pale Moon> vanguard, you may [Soul-Charge] 1.",https://en.cf-vanguard.com/cardlist/cardsearch/?cardno=BT03/051EN&expansion=12&view=text,https://en.cf-vanguard.com/wordpress/wp-content/images/cardlist/bt03/BT03_051EN.png,vanguard_scrape_out\images\BT03_051EN__Hungry_Clown.png
12,[BT03]Demonic Lord Invasion,BT03/052EN,Dark Metal Bicorn,Normal Unit,Pale Moon,1,8000,5000,-,https://en.cf-vanguard.com/cardlist/cardsearch/?cardno=BT03/052EN&expansion=12&view=text,https://en.cf-vanguard.com/wordpress/wp-content/images/cardlist/bt03/BT03_052EN.png,vanguard_scrape_out\images\BT03_052EN__Dark_Metal_Bicorn.png
12,[BT03]Demonic Lord Invasion,BT03/053EN,Dynamite Juggler,Trigger Unit,Pale Moon,0,5000,10000,-,https://en.cf-vanguard.com/cardlist/cardsearch/?cardno=BT03/053EN&expansion=12&view=text,https://en.cf-vanguard.com/wordpress/wp-content/images/cardlist/bt03/BT03_053EN.png,vanguard_scrape_out\images\BT03_053EN__Dynamite_Juggler.png
12,[BT03]Demonic Lord Invasion,BT03/054EN,Spiral Master,Trigger Unit,Pale Moon,0,5000,5000,-,https://en.cf-vanguard.com/cardlist/cardsearch/?cardno=BT03/054EN&expansion=12&view=text,https://en.cf-vanguard.com/wordpress/wp-content/images/cardlist/bt03/BT03_054EN.png,vanguard_scrape_out\images\BT03_054EN__Spiral_Master.png
12,[BT03]Demonic Lord Invasion,BT03/055EN,Candy Clown,Trigger Unit,Pale Moon,0,5000,10000,"(You may only have up to four cards with ""[Heal] HEAL"" in a deck.)",https://en.cf-vanguard.com/cardlist/cardsearch/?cardno=BT03/055EN&expansion=12&view=text,https://en.cf-vanguard.com/wordpress/wp-content/images/cardlist/bt03/BT03_055EN.png,vanguard_scrape_out\images\BT03_055EN__Candy_Clown.png
12,[BT03]Demonic Lord Invasion,BT03/056EN,Rainbow Magician,Trigger Unit,Pale Moon,0,4000,5000,"[AUTO](RC):When an attack hits during the battle that this unit boosted ([Boost]), you may [Soul-Charge] 1. If you do, return this unit to your deck, and shuffle your deck.",https://en.cf-vanguard.com/cardlist/cardsearch/?cardno=BT03/056EN&expansion=12&view=text,https://en.cf-vanguard.com/wordpress/wp-content/images/cardlist/bt03/BT03_056EN.png,vanguard_scrape_out\images\BT03_056EN__Rainbow_Magician.png
12,[BT03]Demonic Lord Invasion,BT03/057EN,Vacuum Mammoth,Normal Unit,Tachikaze,2,9000,5000,"[AUTO](VC):When another of your <Tachikaze> is placed on (RC), you may [Soul-Charge] 1.",https://en.cf-vanguard.com/cardlist/cardsearch/?cardno=BT03/057EN&expansion=12&view=text,https://en.cf-vanguard.com/wordpress/wp-content/images/cardlist/bt03/BT03_057EN.png,vanguard_scrape_out\images\BT03_057EN__Vacuum_Mammoth.png
12,[BT03]Demonic Lord Invasion,BT03/058EN,Savage Destroyer,Normal Unit,Tachikaze,2,8000,5000,"[AUTO](VC/RC):During your turn, when another of your <Tachikaze> rear-guards is put into the drop zone, this unit gets [Power] +1000 until end of turn.",https://en.cf-vanguard.com/cardlist/cardsearch/?cardno=BT03/058EN&expansion=12&view=text,https://en.cf-vanguard.com/wordpress/wp-content/images/cardlist/bt03/BT03_058EN.png,vanguard_scrape_out\images\BT03_058EN__Savage_Destroyer.png
12,[BT03]Demonic Lord Invasion,BT03/059EN,"Raging Dragon, Sparksaurus",Normal Unit,Tachikaze,1,5000,5000,"[AUTO]:[Choose a card from your hand, and discard it] When this unit is put into the drop zone from (RC), you may pay the cost. If you do, search your deck for up to one card named ""Raging Dragon, Sparksaurus"", call it to (RC), and shuffle your deck.",https://en.cf-vanguard.com/cardlist/cardsearch/?cardno=BT03/059EN&expansion=12&view=text,https://en.cf-vanguard.com/wordpress/wp-content/images/cardlist/bt03/BT03_059EN.png,"vanguard_scrape_out\images\BT03_059EN__Raging_Dragon,_Sparksaurus.png"
12,[BT03]Demonic Lord Invasion,BT03/060EN,"Herbivorous Dragon, Brutosaurus",Trigger Unit,Tachikaze,0,5000,5000,-,https://en.cf-vanguard.com/cardlist/cardsearch/?cardno=BT03/060EN&expansion=12&view=text,https://en.cf-vanguard.com/wordpress/wp-content/images/cardlist/bt03/BT03_060EN.png,"vanguard_scrape_out\images\BT03_060EN__Herbivorous_Dragon,_Brutosaurus.png"
12,[BT03]Demonic Lord Invasion,BT03/061EN,"Pack Dragon, Tinyrex",Trigger Unit,Tachikaze,0,5000,10000,-,https://en.cf-vanguard.com/cardlist/cardsearch/?cardno=BT03/061EN&expansion=12&view=text,https://en.cf-vanguard.com/wordpress/wp-content/images/cardlist/bt03/BT03_061EN.png,"vanguard_scrape_out\images\BT03_061EN__Pack_Dragon,_Tinyrex.png"
12,[BT03]Demonic Lord Invasion,BT03/062EN,Savage Shaman,Trigger Unit,Tachikaze,0,5000,10000,"(You may only have up to four cards with ""[Heal] HEAL"" in a deck.)",https://en.cf-vanguard.com/cardlist/cardsearch/?cardno=BT03/062EN&expansion=12&view=text,https://en.cf-vanguard.com/wordpress/wp-content/images/cardlist/bt03/BT03_062EN.png,vanguard_scrape_out\images\BT03_062EN__Savage_Shaman.png
12,[BT03]Demonic Lord Invasion,BT03/063EN,Black Cannon Tiger,Trigger Unit,Tachikaze,0,4000,10000,"[AUTO](RC):When an attack hits during the battle that this unit boosted ([Boost]), you may [Soul-Charge] 1. If you do, return this unit to your deck, and shuffle your deck.",https://en.cf-vanguard.com/cardlist/cardsearch/?cardno=BT03/063EN&expansion=12&view=text,https://en.cf-vanguard.com/wordpress/wp-content/images/cardlist/bt03/BT03_063EN.png,vanguard_scrape_out\images\BT03_063EN__Black_Cannon_Tiger.png
12,[BT03]Demonic Lord Invasion,BT03/064EN,"Knight of Tribulations, Galahad",Normal Unit,Royal Paladin,2,9000,5000,"[AUTO]:When a card named ""Knight of Godly Speed, Galahad"" rides this unit, you may [Soul-Charge] 2. [AUTO](VC):At the beginning of your ride phase, look at five cards from the top of your deck, search for up to one card named ""Knight of Godly Speed, Galahad"" from among them, ride it, and put the rest on the bottom of your deck in any order. If you rode, you cannot normal ride during that ride phase.",https://en.cf-vanguard.com/cardlist/cardsearch/?cardno=BT03/064EN&expansion=12&view=text,https://en.cf-vanguard.com/wordpress/wp-content/images/cardlist/bt03/BT03_064EN.png,"vanguard_scrape_out\images\BT03_064EN__Knight_of_Tribulations,_Galahad.png"
12,[BT03]Demonic Lord Invasion,BT03/065EN,Gigantech Dozer,Normal Unit,Royal Paladin,2,8000,5000,"[CONT](VC/RC):During your turn, if the number of <Royal Paladin> in your soul is six or more, this unit gets [Power] +3000.",https://en.cf-vanguard.com/cardlist/cardsearch/?cardno=BT03/065EN&expansion=12&view=text,https://en.cf-vanguard.com/wordpress/wp-content/images/cardlist/bt03/BT03_065EN.png,vanguard_scrape_out\images\BT03_065EN__Gigantech_Dozer.png
12,[BT03]Demonic Lord Invasion,BT03/066EN,"Swordsman of the Blaze, Palamedes",Normal Unit,Royal Paladin,2,8000,5000,"[AUTO](VC/RC):When this unit attacks, if the number of grade 3 <Royal Paladin> vanguards and/or rear-guards you have is two or more, this unit gets [Power] +3000 until end of that battle.",https://en.cf-vanguard.com/cardlist/cardsearch/?cardno=BT03/066EN&expansion=12&view=text,https://en.cf-vanguard.com/wordpress/wp-content/images/cardlist/bt03/BT03_066EN.png,"vanguard_scrape_out\images\BT03_066EN__Swordsman_of_the_Blaze,_Palamedes.png"
12,[BT03]Demonic Lord Invasion,BT03/067EN,"Knight of Quests, Galahad",Normal Unit,Royal Paladin,1,7000,5000,"[AUTO](VC):At the beginning of your ride phase, look at five cards from the top of your deck, search for up to one card named ""Knight of Tribulations, Galahad"" from among them, ride it, and put the rest on the bottom of your deck in any order. If you rode, you cannot normal ride during that ride phase.",https://en.cf-vanguard.com/cardlist/cardsearch/?cardno=BT03/067EN&expansion=12&view=text,https://en.cf-vanguard.com/wordpress/wp-content/images/cardlist/bt03/BT03_067EN.png,"vanguard_scrape_out\images\BT03_067EN__Knight_of_Quests,_Galahad.png"
12,[BT03]Demonic Lord Invasion,BT03/068EN,Borgal,Normal Unit,Royal Paladin,1,6000,5000,"[CONT](VC/RC):During your turn, if the number of <Royal Paladin> in your soul is six or more, this unit gets [Power] +3000.",https://en.cf-vanguard.com/cardlist/cardsearch/?cardno=BT03/068EN&expansion=12&view=text,https://en.cf-vanguard.com/wordpress/wp-content/images/cardlist/bt03/BT03_068EN.png,vanguard_scrape_out\images\BT03_068EN__Borgal.png
12,[BT03]Demonic Lord Invasion,BT03/069EN,Alabaster Owl,Trigger Unit,Royal Paladin,0,5000,10000,-,https://en.cf-vanguard.com/cardlist/cardsearch/?cardno=BT03/069EN&expansion=12&view=text,https://en.cf-vanguard.com/wordpress/wp-content/images/cardlist/bt03/BT03_069EN.png,vanguard_scrape_out\images\BT03_069EN__Alabaster_Owl.png
12,[BT03]Demonic Lord Invasion,BT03/070EN,Secretary Angel,Normal Unit,Oracle Think Tank,3,9000,0,"[AUTO](VC/RC):When this unit attacks, if the number of <Oracle Think Tank> in your soul is six or more, draw a card, choose a card from your hand, and put it on the bottom of your deck.",https://en.cf-vanguard.com/cardlist/cardsearch/?cardno=BT03/070EN&expansion=12&view=text,https://en.cf-vanguard.com/wordpress/wp-content/images/cardlist/bt03/BT03_070EN.png,vanguard_scrape_out\images\BT03_070EN__Secretary_Angel.png
12,[BT03]Demonic Lord Invasion,BT03/071EN,"Oracle Guardian, Red Eye",Normal Unit,Oracle Think Tank,2,9000,5000,"[AUTO](VC/RC): When this unit's attack hits, if you have an <Oracle Think Tank> vanguard, you may [Soul-Charge] 1.",https://en.cf-vanguard.com/cardlist/cardsearch/?cardno=BT03/071EN&expansion=12&view=text,https://en.cf-vanguard.com/wordpress/wp-content/images/cardlist/bt03/BT03_071EN.png,"vanguard_scrape_out\images\BT03_071EN__Oracle_Guardian,_Red_Eye.png"
12,[BT03]Demonic Lord Invasion,BT03/072EN,Faithful Angel,Normal Unit,Oracle Think Tank,2,7000,5000,"[AUTO](VC/RC):When this unit attacks, if the number of <Oracle Think Tank> in your soul is six or more, draw a card, choose a card from your hand, and put it on the bottom of your deck.",https://en.cf-vanguard.com/cardlist/cardsearch/?cardno=BT03/072EN&expansion=12&view=text,https://en.cf-vanguard.com/wordpress/wp-content/images/cardlist/bt03/BT03_072EN.png,vanguard_scrape_out\images\BT03_072EN__Faithful_Angel.png
12,[BT03]Demonic Lord Invasion,BT03/073EN,"Goddess of the Crescent Moon, Tsukuyomi",Normal Unit,Oracle Think Tank,1,7000,5000,"[AUTO](VC):At the beginning of your ride phase, look at five cards from the top of your deck, search for up to one card named ""Goddess of the Half Moon, Tsukuyomi"" from among them, ride it, and put the rest on the bottom of your deck in any order. If you rode, you cannot normal ride during that ride phase.",https://en.cf-vanguard.com/cardlist/cardsearch/?cardno=BT03/073EN&expansion=12&view=text,https://en.cf-vanguard.com/wordpress/wp-content/images/cardlist/bt03/BT03_073EN.png,"vanguard_scrape_out\images\BT03_073EN__Goddess_of_the_Crescent_Moon,_Tsukuyomi.png"
12,[BT03]Demonic Lord Invasion,BT03/074EN,"Battle Sister, Vanilla",Normal Unit,Oracle Think Tank,1,6000,5000,"[AUTO]:When this unit is placed on (GC), if the number of <Oracle Think Tank> in your soul is six or more, this unit gets [Shield] +5000 until end of that battle.",https://en.cf-vanguard.com/cardlist/cardsearch/?cardno=BT03/074EN&expansion=12&view=text,https://en.cf-vanguard.com/wordpress/wp-content/images/cardlist/bt03/BT03_074EN.png,"vanguard_scrape_out\images\BT03_074EN__Battle_Sister,_Vanilla.png"
12,[BT03]Demonic Lord Invasion,BT03/075EN,Victory Maker,Trigger Unit,Oracle Think Tank,0,5000,5000,-,https://en.cf-vanguard.com/cardlist/cardsearch/?cardno=BT03/075EN&expansion=12&view=text,https://en.cf-vanguard.com/wordpress/wp-content/images/cardlist/bt03/BT03_075EN.png,vanguard_scrape_out\images\BT03_075EN__Victory_Maker.png
12,[BT03]Demonic Lord Invasion,BT03/076EN,Flame Edge Dragon,Normal Unit,Kagero,2,9000,5000,"[AUTO](VC/RC): When this unit's attack hits, if you have a <Kagero> vanguard, you may [Soul-Charge] 1.",https://en.cf-vanguard.com/cardlist/cardsearch/?cardno=BT03/076EN&expansion=12&view=text,https://en.cf-vanguard.com/wordpress/wp-content/images/cardlist/bt03/BT03_076EN.png,vanguard_scrape_out\images\BT03_076EN__Flame_Edge_Dragon.png
12,[BT03]Demonic Lord Invasion,BT03/077EN,"Dragon Dancer, Lourdes",Normal Unit,Kagero,1,6000,5000,"[AUTO](VC/RC):When this unit attacks, if the number of rear-guards your opponent has is two or less, this unit gets [Power] +3000 until end of that battle.",https://en.cf-vanguard.com/cardlist/cardsearch/?cardno=BT03/077EN&expansion=12&view=text,https://en.cf-vanguard.com/wordpress/wp-content/images/cardlist/bt03/BT03_077EN.png,"vanguard_scrape_out\images\BT03_077EN__Dragon_Dancer,_Lourdes.png"
12,[BT03]Demonic Lord Invasion,BT03/078EN,Blue Ray Dracokid,Trigger Unit,Kagero,0,5000,10000,-,https://en.cf-vanguard.com/cardlist/cardsearch/?cardno=BT03/078EN&expansion=12&view=text,https://en.cf-vanguard.com/wordpress/wp-content/images/cardlist/bt03/BT03_078EN.png,vanguard_scrape_out\images\BT03_078EN__Blue_Ray_Dracokid.png
12,[BT03]Demonic Lord Invasion,BT03/079EN,Cannon Ball,Trigger Unit,Nova Grappler,0,5000,10000,-,https://en.cf-vanguard.com/cardlist/cardsearch/?cardno=BT03/079EN&expansion=12&view=text,https://en.cf-vanguard.com/wordpress/wp-content/images/cardlist/bt03/BT03_079EN.png,vanguard_scrape_out\images\BT03_079EN__Cannon_Ball.png
12,[BT03]Demonic Lord Invasion,BT03/080EN,"Masked Police, Grander",Normal Unit,Dimension Police,2,8000,5000,"[AUTO](RC):When this unit attacks, if you have a <Dimension Police> vanguard, your vanguard gets [Power] +2000 until end of turn.",https://en.cf-vanguard.com/cardlist/cardsearch/?cardno=BT03/080EN&expansion=12&view=text,https://en.cf-vanguard.com/wordpress/wp-content/images/cardlist/bt03/BT03_080EN.png,"vanguard_scrape_out\images\BT03_080EN__Masked_Police,_Grander.png"
12,[BT03]Demonic Lord Invasion,BT03/081EN,"Karenroid, Daisy",Normal Unit,Dimension Police,1,8000,5000,-,https://en.cf-vanguard.com/cardlist/cardsearch/?cardno=BT03/081EN&expansion=12&view=text,https://en.cf-vanguard.com/wordpress/wp-content/images/cardlist/bt03/BT03_081EN.png,"vanguard_scrape_out\images\BT03_081EN__Karenroid,_Daisy.png"
12,[BT03]Demonic Lord Invasion,BT03/082EN,"Workerpod, Saturday",Normal Unit,Dimension Police,0,6000,10000,-,https://en.cf-vanguard.com/cardlist/cardsearch/?cardno=BT03/082EN&expansion=12&view=text,https://en.cf-vanguard.com/wordpress/wp-content/images/cardlist/bt03/BT03_082EN.png,"vanguard_scrape_out\images\BT03_082EN__Workerpod,_Saturday.png"
12,[BT03]Demonic Lord Invasion,BT03/S01EN,"Demon World Marquis, Amon",Normal Unit,Dark Irregulars,3,10000,0,"[CONT](VC):During your turn, this unit gets [Power] +1000 for each <Dark Irregulars> in your soul. [ACT](VC):[Counter-Blast 1 & Choose one of your <Dark Irregulars> rear-guards, and put it into your soul] Your opponent chooses one of his or her rear-guards, and retires it.",https://en.cf-vanguard.com/cardlist/cardsearch/?cardno=BT03/S01EN&expansion=12&view=text,https://en.cf-vanguard.com/wordpress/wp-content/images/cardlist/bt03/BT03_S01EN.png,"vanguard_scrape_out\images\BT03_S01EN__Demon_World_Marquis,_Amon.png"
12,[BT03]Demonic Lord Invasion,BT03/S02EN,"Nightmare Doll, Alice",Normal Unit,Pale Moon,3,10000,0,"[AUTO](RC):[Counter-Blast 1 & Put this unit into your soul] When this unit's attack hits, if you have a <Pale Moon> vanguard, you may pay the cost. If you do, choose a <Pale Moon> other than a card named ""Nightmare Doll, Alice"" from your soul, and call it to (RC).",https://en.cf-vanguard.com/cardlist/cardsearch/?cardno=BT03/S02EN&expansion=12&view=text,https://en.cf-vanguard.com/wordpress/wp-content/images/cardlist/bt03/BT03_S02EN.png,"vanguard_scrape_out\images\BT03_S02EN__Nightmare_Doll,_Alice.png"
12,[BT03]Demonic Lord Invasion,BT03/S03EN,"Ravenous Dragon, Gigarex",Normal Unit,Tachikaze,3,10000,0,"[AUTO](VC/RC):During your turn, when another of your <Tachikaze> rear-guards is put into the drop zone, this unit gets [Power] +1000 until end of turn.",https://en.cf-vanguard.com/cardlist/cardsearch/?cardno=BT03/S03EN&expansion=12&view=text,https://en.cf-vanguard.com/wordpress/wp-content/images/cardlist/bt03/BT03_S03EN.png,"vanguard_scrape_out\images\BT03_S03EN__Ravenous_Dragon,_Gigarex.png"
12,[BT03]Demonic Lord Invasion,BT03/S04EN,"Swordsman of the Explosive Flames, Palamedes",Normal Unit,Royal Paladin,3,10000,0,"[AUTO](VC/RC):When this unit attacks, if the number of grade 3 <Royal Paladin> vanguards and/or rear-guards you have is two or more, this unit gets [Power] +3000 until end of that battle.",https://en.cf-vanguard.com/cardlist/cardsearch/?cardno=BT03/S04EN&expansion=12&view=text,https://en.cf-vanguard.com/wordpress/wp-content/images/cardlist/bt03/BT03_S04EN.png,"vanguard_scrape_out\images\BT03_S04EN__Swordsman_of_the_Explosive_Flames,_Palamedes.png"
12,[BT03]Demonic Lord Invasion,BT03/S05EN,"Goddess of the Full Moon, Tsukuyomi",Normal Unit,Oracle Think Tank,3,11000,0,"[CONT](VC/RC):If you do not have a card named ""Goddess of the Half Moon, Tsukuyomi"", a card named ""Goddess of the Crescent Moon, Tsukuyomi"", and a card named ""Godhawk, Ichibyoshi"" in your soul, this unit gets [Power] -2000. [ACT](VC):[Counter-Blast 2] If the number of <Oracle Think Tank> in your soul is six or more, draw two cards, choose a card from your hand, and put it into your soul.",https://en.cf-vanguard.com/cardlist/cardsearch/?cardno=BT03/S05EN&expansion=12&view=text,https://en.cf-vanguard.com/wordpress/wp-content/images/cardlist/bt03/BT03_S05EN.png,"vanguard_scrape_out\images\BT03_S05EN__Goddess_of_the_Full_Moon,_Tsukuyomi.png"
12,[BT03]Demonic Lord Invasion,BT03/S06EN,"Ultimate Lifeform, Cosmo Lord",Normal Unit,Nova Grappler,3,10000,0,"[ACT](VC):[Choose one of your <Nova Grappler> rear-guards, and [Rest] it] This unit gets [Power] +3000 until end of turn.",https://en.cf-vanguard.com/cardlist/cardsearch/?cardno=BT03/S06EN&expansion=12&view=text,https://en.cf-vanguard.com/wordpress/wp-content/images/cardlist/bt03/BT03_S06EN.png,"vanguard_scrape_out\images\BT03_S06EN__Ultimate_Lifeform,_Cosmo_Lord.png"
12,[BT03]Demonic Lord Invasion,BT03/S07EN,Gwynn the Ripper,Normal Unit,Dark Irregulars,2,9000,5000,"[AUTO]:[Counter-Blast 2] When this unit is placed on (VC) or (RC), if you have a <Dark Irregulars> vanguard, you may pay the cost. If you do, choose one of your opponent's grade 2 or less rear-guards, and retire it.",https://en.cf-vanguard.com/cardlist/cardsearch/?cardno=BT03/S07EN&expansion=12&view=text,https://en.cf-vanguard.com/wordpress/wp-content/images/cardlist/bt03/BT03_S07EN.png,vanguard_scrape_out\images\BT03_S07EN__Gwynn_the_Ripper.png
12,[BT03]Demonic Lord Invasion,BT03/S08EN,Turquoise Beast Tamer,Normal Unit,Pale Moon,1,6000,5000,"[CONT](VC/RC):During your turn, if you have a card named ""Crimson Beast Tamer"" in your soul, this unit gets [Power] +3000.",https://en.cf-vanguard.com/cardlist/cardsearch/?cardno=BT03/S08EN&expansion=12&view=text,https://en.cf-vanguard.com/wordpress/wp-content/images/cardlist/bt03/BT03_S08EN.png,vanguard_scrape_out\images\BT03_S08EN__Turquoise_Beast_Tamer.png
12,[BT03]Demonic Lord Invasion,BT03/S09EN,Crimson Beast Tamer,Normal Unit,Pale Moon,2,8000,5000,"[CONT](VC/RC):During your turn, if you have a card named ""Crimson Beast Tamer"" in your soul, this unit gets [Power] +3000.",https://en.cf-vanguard.com/cardlist/cardsearch/?cardno=BT03/S09EN&expansion=12&view=text,https://en.cf-vanguard.com/wordpress/wp-content/images/cardlist/bt03/BT03_S09EN.png,vanguard_scrape_out\images\BT03_S09EN__Crimson_Beast_Tamer.png
12,[BT03]Demonic Lord Invasion,BT03/S10EN,"Knight of Godly Speed, Galahad",Normal Unit,Royal Paladin,3,11000,0,"[CONT](VC/RC):If you do not have a card named ""Knight of Tribulations, Galahad"", a card named ""Knight of Quests, Galahad"", and a card named ""Drangal"" in your soul, this unit gets [Power] -2000. [ACT](VC):[Counter-Blast 2] If the number of <Royal Paladin> in your soul is six or more, this unit gets [Power] +3000/[Critical] +1 until end of turn.",https://en.cf-vanguard.com/cardlist/cardsearch/?cardno=BT03/S10EN&expansion=12&view=text,https://en.cf-vanguard.com/wordpress/wp-content/images/cardlist/bt03/BT03_S10EN.png,"vanguard_scrape_out\images\BT03_S10EN__Knight_of_Godly_Speed,_Galahad.png"
12,[BT03]Demonic Lord Invasion,BT03/S11EN,Dual Axe Archdragon,Normal Unit,Kagero,3,10000,0,"[AUTO](VC/RC):When this unit attacks, if the number of rear-guards your opponent has is two or less, this unit gets [Power] +3000 until end of that battle.",https://en.cf-vanguard.com/cardlist/cardsearch/?cardno=BT03/S11EN&expansion=12&view=text,https://en.cf-vanguard.com/wordpress/wp-content/images/cardlist/bt03/BT03_S11EN.png,vanguard_scrape_out\images\BT03_S11EN__Dual_Axe_Archdragon.png
12,[BT03]Demonic Lord Invasion,BT03/S12EN,"Super Dimensional Robo, Daiyusha",Normal Unit,Dimension Police,3,10000,0,"[AUTO](VC):At the beginning of your attack step, if this unit's [Power] is 14000 or greater, this unit gets [Critical] +1 until end of that battle.",https://en.cf-vanguard.com/cardlist/cardsearch/?cardno=BT03/S12EN&expansion=12&view=text,https://en.cf-vanguard.com/wordpress/wp-content/images/cardlist/bt03/BT03_S12EN.png,"vanguard_scrape_out\images\BT03_S12EN__Super_Dimensional_Robo,_Daiyusha.png"
15,[BT04]Eclipse of Illusionary Shadows,BT04/001EN,Phantom Blaster Dragon,Normal Unit,Shadow Paladin,3,10000,-,"[CONT](VC):If you have a card named ""Blaster Dark"" in your soul, this unit gets [Power] +1000. [ACT](VC):[Counter-Blast 2 & Choose three of your <Shadow Paladin> rear-guards, and retire them] This unit gets [Power] +10000/[Critical] +1 until end of turn.",https://en.cf-vanguard.com/cardlist/cardsearch/?cardno=BT04/001EN&expansion=15&view=text,https://en.cf-vanguard.com/wordpress/wp-content/images/cardlist/bt04/BT04_001EN.png,vanguard_scrape_out\images\BT04_001EN__Phantom_Blaster_Dragon.png
15,[BT04]Eclipse of Illusionary Shadows,BT04/002EN,"Darkness Maiden, Macha",Normal Unit,Shadow Paladin,2,8000,5000,"[AUTO]:[Counter-Blast 2] When this unit is placed on (VC) or (RC), if you have a <Shadow Paladin> vanguard, you may pay the cost. If you do, search your deck for up to one grade 1 or less <Shadow Paladin>, call it to (RC) in the same column as this unit, and shuffle your deck.",https://en.cf-vanguard.com/cardlist/cardsearch/?cardno=BT04/002EN&expansion=15&view=text,https://en.cf-vanguard.com/wordpress/wp-content/images/cardlist/bt04/BT04_002EN.png,"vanguard_scrape_out\images\BT04_002EN__Darkness_Maiden,_Macha.png"
15,[BT04]Eclipse of Illusionary Shadows,BT04/003EN,"Skull Witch, Nemain",Normal Unit,Shadow Paladin,2,3000,5000,"[AUTO]:[Counter-Blast 1 & Choose a <Shadow Paladin> from your hand, and discard it] When this unit is placed on (RC), if you have a <Shadow Paladin> vanguard, you may pay the cost. If you do, draw two cards.",https://en.cf-vanguard.com/cardlist/cardsearch/?cardno=BT04/003EN&expansion=15&view=text,https://en.cf-vanguard.com/wordpress/wp-content/images/cardlist/bt04/BT04_003EN.png,"vanguard_scrape_out\images\BT04_003EN__Skull_Witch,_Nemain.png"
15,[BT04]Eclipse of Illusionary Shadows,BT04/004EN,Enigman Storm,Normal Unit,Dimension Police,3,10000,-,"[CONT](VC):If you have a card named ""Enigman Wave"" in your soul, this unit gets [Power] +1000. [AUTO](VC):At the beginning of your attack step, if this unit's [Power] is 15000 or greater, this unit gets [Critical] +1 until end of that battle.",https://en.cf-vanguard.com/cardlist/cardsearch/?cardno=BT04/004EN&expansion=15&view=text,https://en.cf-vanguard.com/wordpress/wp-content/images/cardlist/bt04/BT04_004EN.png,vanguard_scrape_out\images\BT04_004EN__Enigman_Storm.png
15,[BT04]Eclipse of Illusionary Shadows,BT04/005EN,"Evil Armor General, Giraffa",Normal Unit,Megacolony,3,10000,-,"[CONT](VC):If you have a card named ""Elite Mutant, Giraffa"" in your soul, this unit gets [Power] +1000. [AUTO](VC):[Counter-Blast 2 & Choose two of your <Megacolony> rear-guards, and retire them] When this unit's attack hits a vanguard, you may pay the cost. If you do, choose up to two of your opponent's grade 1 or less rear-guards, and retire them.",https://en.cf-vanguard.com/cardlist/cardsearch/?cardno=BT04/005EN&expansion=15&view=text,https://en.cf-vanguard.com/wordpress/wp-content/images/cardlist/bt04/BT04_005EN.png,"vanguard_scrape_out\images\BT04_005EN__Evil_Armor_General,_Giraffa.png"
15,[BT04]Eclipse of Illusionary Shadows,BT04/006EN,"Amber Dragon, Eclipse",Normal Unit,Kagero,3,10000,-,"[CONT](VC):If you have a card named ""Amber Dragon, Dusk"" in your soul, this unit gets [Power] +1000. [ACT](VC):[Counter-Blast 2] This unit gets ""[AUTO](VC):When this unit's attack hits a vanguard, choose up to two of your opponent's rear-guards, and retire them."" until end of turn.",https://en.cf-vanguard.com/cardlist/cardsearch/?cardno=BT04/006EN&expansion=15&view=text,https://en.cf-vanguard.com/wordpress/wp-content/images/cardlist/bt04/BT04_006EN.png,"vanguard_scrape_out\images\BT04_006EN__Amber_Dragon,_Eclipse.png"
15,[BT04]Eclipse of Illusionary Shadows,BT04/007EN,Heatnail Salamander,Normal Unit,Kagero,1,6000,5000,"[AUTO](RC):When an attack hits a vanguard during the battle that this unit boosted ([Boost]) a <Kagero>, you may choose one of your opponent's grade 1 rear-guards, and retire it. If you do, at the beginning of the end phase of that turn, return this unit to your deck, and shuffle your deck.",https://en.cf-vanguard.com/cardlist/cardsearch/?cardno=BT04/007EN&expansion=15&view=text,https://en.cf-vanguard.com/wordpress/wp-content/images/cardlist/bt04/BT04_007EN.png,vanguard_scrape_out\images\BT04_007EN__Heatnail_Salamander.png
15,[BT04]Eclipse of Illusionary Shadows,BT04/008EN,Stern Blaukluger,Normal Unit,Nova Grappler,3,10000,-,"[CONT](VC):If you have a card named ""Blaukluger"" in your soul, this unit gets [Power] +1000. [AUTO](VC):[Counter-Blast 2 & Choose two <Nova Grappler> from your hand, and discard them] When this unit's attack hits a vanguard, you may pay the cost. If you do, [Stand] all of your units in the same column as this unit, and this unit loses ""Twin Drive!!""([Twin Drive!!]) until end of turn.",https://en.cf-vanguard.com/cardlist/cardsearch/?cardno=BT04/008EN&expansion=15&view=text,https://en.cf-vanguard.com/wordpress/wp-content/images/cardlist/bt04/BT04_008EN.png,vanguard_scrape_out\images\BT04_008EN__Stern_Blaukluger.png
15,[BT04]Eclipse of Illusionary Shadows,BT04/009EN,Dark Metal Dragon,Normal Unit,Shadow Paladin,3,10000,-,"[AUTO](VC):When this unit's drive check reveals a <Shadow Paladin>, this unit gets [Power] +2000 until end of that battle.",https://en.cf-vanguard.com/cardlist/cardsearch/?cardno=BT04/009EN&expansion=15&view=text,https://en.cf-vanguard.com/wordpress/wp-content/images/cardlist/bt04/BT04_009EN.png,vanguard_scrape_out\images\BT04_009EN__Dark_Metal_Dragon.png
15,[BT04]Eclipse of Illusionary Shadows,BT04/010EN,Gururubau,Normal Unit,Shadow Paladin,1,7000,5000,"[AUTO](RC):When this unit attacks a vanguard, if you have a <Shadow Paladin> vanguard, this unit gets [Power] +2000 until end of that battle.",https://en.cf-vanguard.com/cardlist/cardsearch/?cardno=BT04/010EN&expansion=15&view=text,https://en.cf-vanguard.com/wordpress/wp-content/images/cardlist/bt04/BT04_010EN.png,vanguard_scrape_out\images\BT04_010EN__Gururubau.png
15,[BT04]Eclipse of Illusionary Shadows,BT04/011EN,"Dark Shield, Mac Lir",Normal Unit,Shadow Paladin,1,6000,0,"[AUTO]:[Choose a <Shadow Paladin> from your hand, and discard it] When this unit is placed on (GC), you may pay the cost. If you do, choose one of your <Shadow Paladin> that is being attacked, and that unit cannot be hit until end of that battle.",https://en.cf-vanguard.com/cardlist/cardsearch/?cardno=BT04/011EN&expansion=15&view=text,https://en.cf-vanguard.com/wordpress/wp-content/images/cardlist/bt04/BT04_011EN.png,"vanguard_scrape_out\images\BT04_011EN__Dark_Shield,_Mac_Lir.png"
15,[BT04]Eclipse of Illusionary Shadows,BT04/012EN,Enigman Wave,Normal Unit,Dimension Police,2,9000,5000,"[CONT](VC):If you have a card named ""Enigman Ripple"" in your soul, this unit gets [Power] +1000. [AUTO](VC):At the beginning of your attack step, if this unit's [Power] is 14000 or greater, this unit gets ""[AUTO](VC):When this unit's attack hits a vanguard, draw a card."" until end of that battle.",https://en.cf-vanguard.com/cardlist/cardsearch/?cardno=BT04/012EN&expansion=15&view=text,https://en.cf-vanguard.com/wordpress/wp-content/images/cardlist/bt04/BT04_012EN.png,vanguard_scrape_out\images\BT04_012EN__Enigman_Wave.png
15,[BT04]Eclipse of Illusionary Shadows,BT04/013EN,Cosmo Beak,Normal Unit,Dimension Police,2,8000,5000,"[AUTO]:[Counter-Blast 2] When this unit is placed on (RC), you may pay the cost. If you do, choose another of your <Dimension Police>, and that unit gets [Power] +4000 until end of turn.",https://en.cf-vanguard.com/cardlist/cardsearch/?cardno=BT04/013EN&expansion=15&view=text,https://en.cf-vanguard.com/wordpress/wp-content/images/cardlist/bt04/BT04_013EN.png,vanguard_scrape_out\images\BT04_013EN__Cosmo_Beak.png
15,[BT04]Eclipse of Illusionary Shadows,BT04/014EN,Diamond Ace,Normal Unit,Dimension Police,1,6000,0,"[AUTO]:[Choose a <Dimension Police> from your hand, and discard it] When this unit is placed on (GC), you may pay the cost. If you do, choose one of your <Dimension Police> that is being attacked, and that unit cannot be hit until end of that battle.",https://en.cf-vanguard.com/cardlist/cardsearch/?cardno=BT04/014EN&expansion=15&view=text,https://en.cf-vanguard.com/wordpress/wp-content/images/cardlist/bt04/BT04_014EN.png,vanguard_scrape_out\images\BT04_014EN__Diamond_Ace.png
15,[BT04]Eclipse of Illusionary Shadows,BT04/015EN,Commander Laurel,Normal Unit,Dimension Police,1,4000,5000,"[AUTO](RC):[Choose four of your <Dimension Police> rear-guards, and [Rest] them] When your <Dimension Police> vanguard's attack hits, you may pay the cost. If you do, choose one of your vanguards, and [Stand] it.",https://en.cf-vanguard.com/cardlist/cardsearch/?cardno=BT04/015EN&expansion=15&view=text,https://en.cf-vanguard.com/wordpress/wp-content/images/cardlist/bt04/BT04_015EN.png,vanguard_scrape_out\images\BT04_015EN__Commander_Laurel.png
15,[BT04]Eclipse of Illusionary Shadows,BT04/016EN,"Elite Mutant, Giraffa",Normal Unit,Megacolony,2,9000,5000,"[CONT](VC):If you have a card named ""Pupa Mutant, Giraffa"" in your soul, this unit gets [Power] +1000. [AUTO](VC):When this unit's attack hits a vanguard, choose one of your opponent's rear-guards, and that unit cannot [Stand] during your opponent's next stand phase.",https://en.cf-vanguard.com/cardlist/cardsearch/?cardno=BT04/016EN&expansion=15&view=text,https://en.cf-vanguard.com/wordpress/wp-content/images/cardlist/bt04/BT04_016EN.png,"vanguard_scrape_out\images\BT04_016EN__Elite_Mutant,_Giraffa.png"
15,[BT04]Eclipse of Illusionary Shadows,BT04/017EN,Paralyze Madonna,Normal Unit,Megacolony,1,6000,0,"[AUTO]:[Choose a <Megacolony> from your hand, and discard it] When this unit is placed on (GC), you may pay the cost. If you do, choose one of your <Megacolony> that is being attacked, and that unit cannot be hit until end of that battle.",https://en.cf-vanguard.com/cardlist/cardsearch/?cardno=BT04/017EN&expansion=15&view=text,https://en.cf-vanguard.com/wordpress/wp-content/images/cardlist/bt04/BT04_017EN.png,vanguard_scrape_out\images\BT04_017EN__Paralyze_Madonna.png
15,[BT04]Eclipse of Illusionary Shadows,BT04/018EN,"Amber Dragon, Dusk",Normal Unit,Kagero,2,9000,5000,"[CONT](VC):If you have a card named ""Amber Dragon, Daylight"" in your soul, this unit gets [Power] +1000. [AUTO](VC):When this unit attacks a vanguard, this unit gets [Power] +2000 until end of that battle.",https://en.cf-vanguard.com/cardlist/cardsearch/?cardno=BT04/018EN&expansion=15&view=text,https://en.cf-vanguard.com/wordpress/wp-content/images/cardlist/bt04/BT04_018EN.png,"vanguard_scrape_out\images\BT04_018EN__Amber_Dragon,_Dusk.png"
15,[BT04]Eclipse of Illusionary Shadows,BT04/019EN,Blaukluger,Normal Unit,Nova Grappler,2,9000,5000,"[CONT](VC):If you have a card named ""Blaupanzer"" in your soul, this unit gets [Power] +1000. [AUTO](VC):When this unit's attack hits a vanguard, choose a card from your damage zone, and turn it face up.",https://en.cf-vanguard.com/cardlist/cardsearch/?cardno=BT04/019EN&expansion=15&view=text,https://en.cf-vanguard.com/wordpress/wp-content/images/cardlist/bt04/BT04_019EN.png,vanguard_scrape_out\images\BT04_019EN__Blaukluger.png
15,[BT04]Eclipse of Illusionary Shadows,BT04/020EN,"Fang of Light, Garmore",Normal Unit,Royal Paladin,3,10000,-,"[CONT](VC):During your turn, this unit gets [Power] +1000 for each unit named ""Snogal"" or ""Brugal"" on your (RC). [AUTO]:[Choose a <Royal Paladin> from your hand, and discard it] When this unit is placed on (VC) or (RC), if you have a <Royal Paladin> vanguard, you may pay the cost. If you do, search your deck for up to one card named ""Snogal"" or ""Brugal"", call it to (RC), and shuffle your deck.",https://en.cf-vanguard.com/cardlist/cardsearch/?cardno=BT04/020EN&expansion=15&view=text,https://en.cf-vanguard.com/wordpress/wp-content/images/cardlist/bt04/BT04_020EN.png,"vanguard_scrape_out\images\BT04_020EN__Fang_of_Light,_Garmore.png"
15,[BT04]Eclipse of Illusionary Shadows,BT04/021EN,"Silver Spear Demon, Gusion",Normal Unit,Shadow Paladin,3,10000,-,[ACT](VC/RC):[Counter-Blast 2] This unit gets [Power] +4000 until end of turn.,https://en.cf-vanguard.com/cardlist/cardsearch/?cardno=BT04/021EN&expansion=15&view=text,https://en.cf-vanguard.com/wordpress/wp-content/images/cardlist/bt04/BT04_021EN.png,"vanguard_scrape_out\images\BT04_021EN__Silver_Spear_Demon,_Gusion.png"
15,[BT04]Eclipse of Illusionary Shadows,BT04/022EN,"Dark Mage, Badhabh Caar",Normal Unit,Shadow Paladin,3,9000,-,"[AUTO]:When this unit is placed on (VC) or (RC), reveal the top card of your deck. If the revealed card is a <Shadow Paladin>, call it to (RC), and if it is not, shuffle your deck.",https://en.cf-vanguard.com/cardlist/cardsearch/?cardno=BT04/022EN&expansion=15&view=text,https://en.cf-vanguard.com/wordpress/wp-content/images/cardlist/bt04/BT04_022EN.png,"vanguard_scrape_out\images\BT04_022EN__Dark_Mage,_Badhabh_Caar.png"
15,[BT04]Eclipse of Illusionary Shadows,BT04/023EN,"Knight of Darkness, Rugos",Normal Unit,Shadow Paladin,2,10000,5000,-,https://en.cf-vanguard.com/cardlist/cardsearch/?cardno=BT04/023EN&expansion=15&view=text,https://en.cf-vanguard.com/wordpress/wp-content/images/cardlist/bt04/BT04_023EN.png,"vanguard_scrape_out\images\BT04_023EN__Knight_of_Darkness,_Rugos.png"
15,[BT04]Eclipse of Illusionary Shadows,BT04/024EN,Blaster Dark,Normal Unit,Shadow Paladin,2,9000,5000,"[CONT](VC):If you have a card named ""Blaster Javelin"" in your soul, this unit gets [Power] +1000. [AUTO]:[Counter-Blast 2] When this unit is placed on (VC), you may pay the cost. If you do, choose one of your opponent's rear-guards, and retire it.",https://en.cf-vanguard.com/cardlist/cardsearch/?cardno=BT04/024EN&expansion=15&view=text,https://en.cf-vanguard.com/wordpress/wp-content/images/cardlist/bt04/BT04_024EN.png,vanguard_scrape_out\images\BT04_024EN__Blaster_Dark.png
15,[BT04]Eclipse of Illusionary Shadows,BT04/025EN,Cursed Lancer,Normal Unit,Shadow Paladin,2,9000,5000,"[AUTO][(VC/RC)]:When this unit's attack hits a vanguard, if you have a <Shadow Paladin> vanguard, choose a card from your damage zone, and turn it face up.",https://en.cf-vanguard.com/cardlist/cardsearch/?cardno=BT04/025EN&expansion=15&view=text,https://en.cf-vanguard.com/wordpress/wp-content/images/cardlist/bt04/BT04_025EN.png,vanguard_scrape_out\images\BT04_025EN__Cursed_Lancer.png
15,[BT04]Eclipse of Illusionary Shadows,BT04/026EN,Fullbau,Normal Unit,Shadow Paladin,0,5000,10000,"[AUTO]:When a card named ""Blaster Javelin"" rides this unit, search your deck for up to one card named ""Blaster Dark"", reveal it to your opponent, put it into your hand, and shuffle your deck.",https://en.cf-vanguard.com/cardlist/cardsearch/?cardno=BT04/026EN&expansion=15&view=text,https://en.cf-vanguard.com/wordpress/wp-content/images/cardlist/bt04/BT04_026EN.png,vanguard_scrape_out\images\BT04_026EN__Fullbau.png
15,[BT04]Eclipse of Illusionary Shadows,BT04/027EN,Enigman Rain,Normal Unit,Dimension Police,3,10000,-,"[AUTO](VC):At the beginning of your attack step, if this unit's [Power] is 12000 or greater, this unit gets ""[AUTO](VC):When this unit's attack hits a vanguard, choose one of your rear-guards, and [Stand] it."" until end of that battle.",https://en.cf-vanguard.com/cardlist/cardsearch/?cardno=BT04/027EN&expansion=15&view=text,https://en.cf-vanguard.com/wordpress/wp-content/images/cardlist/bt04/BT04_027EN.png,vanguard_scrape_out\images\BT04_027EN__Enigman_Rain.png
15,[BT04]Eclipse of Illusionary Shadows,BT04/029EN,Platinum Ace,Normal Unit,Dimension Police,2,9000,5000,"[AUTO](VC):At the beginning of your attack step, if this unit's [Power] is 13000 or greater, this unit gets [Critical] +1 until end of that battle.",https://en.cf-vanguard.com/cardlist/cardsearch/?cardno=BT04/029EN&expansion=15&view=text,https://en.cf-vanguard.com/wordpress/wp-content/images/cardlist/bt04/BT04_029EN.png,vanguard_scrape_out\images\BT04_029EN__Platinum_Ace.png
15,[BT04]Eclipse of Illusionary Shadows,BT04/030EN,Cosmo Roar,Normal Unit,Dimension Police,1,6000,5000,"[ACT](RC):[Rest] this unit] Choose another of your <Dimension Police>, and that unit gets [Power] +2000 until end of turn.",https://en.cf-vanguard.com/cardlist/cardsearch/?cardno=BT04/030EN&expansion=15&view=text,https://en.cf-vanguard.com/wordpress/wp-content/images/cardlist/bt04/BT04_030EN.png,vanguard_scrape_out\images\BT04_030EN__Cosmo_Roar.png
15,[BT04]Eclipse of Illusionary Shadows,BT04/031EN,Enigman Flow,Normal Unit,Dimension Police,0,5000,10000,"[AUTO]:When a card named ""Enigman Ripple"" rides this unit, search your deck for up to one card named ""Enigman Wave"", reveal it to your opponent, put it into your hand, and shuffle your deck.",https://en.cf-vanguard.com/cardlist/cardsearch/?cardno=BT04/031EN&expansion=15&view=text,https://en.cf-vanguard.com/wordpress/wp-content/images/cardlist/bt04/BT04_031EN.png,vanguard_scrape_out\images\BT04_031EN__Enigman_Flow.png
15,[BT04]Eclipse of Illusionary Shadows,BT04/032EN,Death Warden Ant Lion,Normal Unit,Megacolony,3,10000,-,"[AUTO](VC):At the beginning of your main phase, [Soul-Charge 1], and this unit gets [Power] +2000 until end of turn. [ACT](VC/RC):[Soul-Blast 8 & Counter-Blast 5] All of your opponent's rear-guards cannot [Stand] during your opponent's next stand phase.",https://en.cf-vanguard.com/cardlist/cardsearch/?cardno=BT04/032EN&expansion=15&view=text,https://en.cf-vanguard.com/wordpress/wp-content/images/cardlist/bt04/BT04_032EN.png,vanguard_scrape_out\images\BT04_032EN__Death_Warden_Ant_Lion.png
15,[BT04]Eclipse of Illusionary Shadows,BT04/033EN,Violent Vesper,Normal Unit,Megacolony,3,9000,-,"[AUTO]:When this unit is placed on (VC) or (RC), reveal the top card of your deck. If the revealed card is a <Megacolony>, call it to (RC), and if it is not, shuffle your deck.",https://en.cf-vanguard.com/cardlist/cardsearch/?cardno=BT04/033EN&expansion=15&view=text,https://en.cf-vanguard.com/wordpress/wp-content/images/cardlist/bt04/BT04_033EN.png,vanguard_scrape_out\images\BT04_033EN__Violent_Vesper.png
15,[BT04]Eclipse of Illusionary Shadows,BT04/034EN,Water Gang,Normal Unit,Megacolony,2,9000,5000,"[AUTO](VC/RC):[Counter-Blast 2] When this unit's attack hits, if you have a <Megacolony> vanguard, you may pay the cost. If you do, draw a card.",https://en.cf-vanguard.com/cardlist/cardsearch/?cardno=BT04/034EN&expansion=15&view=text,https://en.cf-vanguard.com/wordpress/wp-content/images/cardlist/bt04/BT04_034EN.png,vanguard_scrape_out\images\BT04_034EN__Water_Gang.png
15,[BT04]Eclipse of Illusionary Shadows,BT04/035EN,Gloom Flyman,Normal Unit,Megacolony,1,7000,5000,"[AUTO]:When this unit is placed on (GC), if you have a <Megacolony> vanguard, choose one of your opponent's grade 0 rear-guards, and [Rest] it.",https://en.cf-vanguard.com/cardlist/cardsearch/?cardno=BT04/035EN&expansion=15&view=text,https://en.cf-vanguard.com/wordpress/wp-content/images/cardlist/bt04/BT04_035EN.png,vanguard_scrape_out\images\BT04_035EN__Gloom_Flyman.png
15,[BT04]Eclipse of Illusionary Shadows,BT04/036EN,Megacolony Battler B,Normal Unit,Megacolony,1,6000,5000,"[AUTO][(RC)]:[Counter-Blast 1] When an attack hits a vanguard during the battle that this unit boosted ([Boost]) a <Megacolony>, you may pay the cost. If you do, choose one of your opponent's rear-guards, and that unit cannot [Stand] during your opponent's next stand phase.",https://en.cf-vanguard.com/cardlist/cardsearch/?cardno=BT04/036EN&expansion=15&view=text,https://en.cf-vanguard.com/wordpress/wp-content/images/cardlist/bt04/BT04_036EN.png,vanguard_scrape_out\images\BT04_036EN__Megacolony_Battler_B.png
15,[BT04]Eclipse of Illusionary Shadows,BT04/037EN,"Larva Mutant, Giraffa",Normal Unit,Megacolony,0,5000,10000,"[AUTO]:When a card named ""Pupa Mutant, Giraffa"" rides this unit, search your deck for up to one card named ""Elite Mutant, Giraffa"", reveal it to your opponent, put it into your hand, and shuffle your deck.",https://en.cf-vanguard.com/cardlist/cardsearch/?cardno=BT04/037EN&expansion=15&view=text,https://en.cf-vanguard.com/wordpress/wp-content/images/cardlist/bt04/BT04_037EN.png,"vanguard_scrape_out\images\BT04_037EN__Larva_Mutant,_Giraffa.png"
15,[BT04]Eclipse of Illusionary Shadows,BT04/038EN,"Lizard Soldier, Raopia",Normal Unit,Kagero,1,6000,5000,"[AUTO](RC):When this unit boosts ([Boost]) a <Kagero> vanguard, if the number of rear-guards your opponent has is two or less, the boosted ([Boost]) unit gets [Power] +4000 until end of that battle.",https://en.cf-vanguard.com/cardlist/cardsearch/?cardno=BT04/038EN&expansion=15&view=text,https://en.cf-vanguard.com/wordpress/wp-content/images/cardlist/bt04/BT04_038EN.png,"vanguard_scrape_out\images\BT04_038EN__Lizard_Soldier,_Raopia.png"
15,[BT04]Eclipse of Illusionary Shadows,BT04/039EN,"Amber Dragon, Dawn",Normal Unit,Kagero,0,5000,10000,"[AUTO]:When a card named ""Amber Dragon, Daylight"" rides this unit, search your deck for up to one card named ""Amber Dragon, Dusk"", reveal it to your opponent, put it into your hand, and shuffle your deck.",https://en.cf-vanguard.com/cardlist/cardsearch/?cardno=BT04/039EN&expansion=15&view=text,https://en.cf-vanguard.com/wordpress/wp-content/images/cardlist/bt04/BT04_039EN.png,"vanguard_scrape_out\images\BT04_039EN__Amber_Dragon,_Dawn.png"
15,[BT04]Eclipse of Illusionary Shadows,BT04/040EN,"Armored Fairy, Shubiela",Normal Unit,Nova Grappler,3,10000,-,"[AUTO](VC/RC):[Soul-Blast 3] When this unit's attack hits, if you have a <Nova Grappler> vanguard, you may pay the cost. If you do, draw a card. [AUTO](VC):When this unit is boosted ([Boost]) by a <Nova Grappler>, this unit gets [Power] +3000 until end of that battle.",https://en.cf-vanguard.com/cardlist/cardsearch/?cardno=BT04/040EN&expansion=15&view=text,https://en.cf-vanguard.com/wordpress/wp-content/images/cardlist/bt04/BT04_040EN.png,"vanguard_scrape_out\images\BT04_040EN__Armored_Fairy,_Shubiela.png"
15,[BT04]Eclipse of Illusionary Shadows,BT04/041EN,Blaujunger,Normal Unit,Nova Grappler,0,5000,10000,"[AUTO]:When a card named ""Blaupanzer"" rides this unit, search your deck for up to one card named ""Blaukluger"", reveal it to your opponent, put it into your hand, and shuffle your deck.",https://en.cf-vanguard.com/cardlist/cardsearch/?cardno=BT04/041EN&expansion=15&view=text,https://en.cf-vanguard.com/wordpress/wp-content/images/cardlist/bt04/BT04_041EN.png,vanguard_scrape_out\images\BT04_041EN__Blaujunger.png
15,[BT04]Eclipse of Illusionary Shadows,BT04/042EN,"Beast Knight, Garmore",Normal Unit,Royal Paladin,2,8000,5000,"[AUTO]:[Choose a <Royal Paladin> from your hand, and discard it] When this unit is placed on (VC) or (RC), if you have a <Royal Paladin> vanguard, you may pay the cost. If you do, search your deck for up to one card named ""Snogal"" or ""Brugal"", call it to (RC), and shuffle your deck.",https://en.cf-vanguard.com/cardlist/cardsearch/?cardno=BT04/042EN&expansion=15&view=text,https://en.cf-vanguard.com/wordpress/wp-content/images/cardlist/bt04/BT04_042EN.png,"vanguard_scrape_out\images\BT04_042EN__Beast_Knight,_Garmore.png"
15,[BT04]Eclipse of Illusionary Shadows,BT04/043EN,"Demon World Castle, DonnerSchlag",Normal Unit,Shadow Paladin,2,10000,5000,"[CONT](VC/RC):If you do not have a unit named ""Phantom Blaster Dragon"" or a unit named ""Blaster Dark"" on your (VC), this unit gets [Power] -5000. [AUTO](VC/RC):When this unit attacks, this unit gets [Power] +2000 until end of that battle.",https://en.cf-vanguard.com/cardlist/cardsearch/?cardno=BT04/043EN&expansion=15&view=text,https://en.cf-vanguard.com/wordpress/wp-content/images/cardlist/bt04/BT04_043EN.png,"vanguard_scrape_out\images\BT04_043EN__Demon_World_Castle,_DonnerSchlag.png"
15,[BT04]Eclipse of Illusionary Shadows,BT04/044EN,"Demon World Castle, Fatalita",Normal Unit,Shadow Paladin,2,8000,5000,"[AUTO]:When this unit intercepts ([Intercept]), if you have a <Shadow Paladin> vanguard, this unit gets [Shield] +5000 until end of that battle.",https://en.cf-vanguard.com/cardlist/cardsearch/?cardno=BT04/044EN&expansion=15&view=text,https://en.cf-vanguard.com/wordpress/wp-content/images/cardlist/bt04/BT04_044EN.png,"vanguard_scrape_out\images\BT04_044EN__Demon_World_Castle,_Fatalita.png"
15,[BT04]Eclipse of Illusionary Shadows,BT04/045EN,"Black Sage, Charon",Normal Unit,Shadow Paladin,1,8000,5000,-,https://en.cf-vanguard.com/cardlist/cardsearch/?cardno=BT04/045EN&expansion=15&view=text,https://en.cf-vanguard.com/wordpress/wp-content/images/cardlist/bt04/BT04_045EN.png,"vanguard_scrape_out\images\BT04_045EN__Black_Sage,_Charon.png"
15,[BT04]Eclipse of Illusionary Shadows,BT04/046EN,"Witch of Nostrum, Arianrhod",Normal Unit,Shadow Paladin,1,7000,5000,"[ACT](VC/RC):[Rest] this unit & Choose a card from your hand, and discard it] Draw a card.",https://en.cf-vanguard.com/cardlist/cardsearch/?cardno=BT04/046EN&expansion=15&view=text,https://en.cf-vanguard.com/wordpress/wp-content/images/cardlist/bt04/BT04_046EN.png,"vanguard_scrape_out\images\BT04_046EN__Witch_of_Nostrum,_Arianrhod.png"
15,[BT04]Eclipse of Illusionary Shadows,BT04/047EN,Doranbau,Normal Unit,Shadow Paladin,1,6000,5000,"[AUTO](RC):When this unit boosts ([Boost]) a unit named ""Blaster Dark"", the boosted ([Boost]) unit gets [Power] +4000 until end of that battle.",https://en.cf-vanguard.com/cardlist/cardsearch/?cardno=BT04/047EN&expansion=15&view=text,https://en.cf-vanguard.com/wordpress/wp-content/images/cardlist/bt04/BT04_047EN.png,vanguard_scrape_out\images\BT04_047EN__Doranbau.png
15,[BT04]Eclipse of Illusionary Shadows,BT04/048EN,Blaster Javelin,Normal Unit,Shadow Paladin,1,6000,5000,"[CONT](VC):If you have a card named ""Fullbau"" in your soul, this unit gets [Power] +2000. [AUTO]:[Choose a grade 3 <Shadow Paladin> from your hand, and discard it] When this unit is placed on (RC), you may pay the cost. If you do, search your deck for up to one card named ""Phantom Blaster Dragon"", reveal it to your opponent, put it into your hand, and shuffle your deck.",https://en.cf-vanguard.com/cardlist/cardsearch/?cardno=BT04/048EN&expansion=15&view=text,https://en.cf-vanguard.com/wordpress/wp-content/images/cardlist/bt04/BT04_048EN.png,vanguard_scrape_out\images\BT04_048EN__Blaster_Javelin.png
15,[BT04]Eclipse of Illusionary Shadows,BT04/049EN,Zappbau,Normal Unit,Shadow Paladin,0,6000,10000,-,https://en.cf-vanguard.com/cardlist/cardsearch/?cardno=BT04/049EN&expansion=15&view=text,https://en.cf-vanguard.com/wordpress/wp-content/images/cardlist/bt04/BT04_049EN.png,vanguard_scrape_out\images\BT04_049EN__Zappbau.png
15,[BT04]Eclipse of Illusionary Shadows,BT04/050EN,Grim Reaper,Trigger Unit,Shadow Paladin,0,5000,10000,-,https://en.cf-vanguard.com/cardlist/cardsearch/?cardno=BT04/050EN&expansion=15&view=text,https://en.cf-vanguard.com/wordpress/wp-content/images/cardlist/bt04/BT04_050EN.png,vanguard_scrape_out\images\BT04_050EN__Grim_Reaper.png
15,[BT04]Eclipse of Illusionary Shadows,BT04/051EN,Abyss Freezer,Trigger Unit,Shadow Paladin,0,5000,5000,-,https://en.cf-vanguard.com/cardlist/cardsearch/?cardno=BT04/051EN&expansion=15&view=text,https://en.cf-vanguard.com/wordpress/wp-content/images/cardlist/bt04/BT04_051EN.png,vanguard_scrape_out\images\BT04_051EN__Abyss_Freezer.png
15,[BT04]Eclipse of Illusionary Shadows,BT04/052EN,Darkside Trumpeter,Trigger Unit,Shadow Paladin,0,5000,10000,-,https://en.cf-vanguard.com/cardlist/cardsearch/?cardno=BT04/052EN&expansion=15&view=text,https://en.cf-vanguard.com/wordpress/wp-content/images/cardlist/bt04/BT04_052EN.png,vanguard_scrape_out\images\BT04_052EN__Darkside_Trumpeter.png
15,[BT04]Eclipse of Illusionary Shadows,BT04/053EN,Abyss Healer,Trigger Unit,Shadow Paladin,0,5000,10000,"(You may only have up to four cards with ""[Heal] HEAL"" in a deck.)",https://en.cf-vanguard.com/cardlist/cardsearch/?cardno=BT04/053EN&expansion=15&view=text,https://en.cf-vanguard.com/wordpress/wp-content/images/cardlist/bt04/BT04_053EN.png,vanguard_scrape_out\images\BT04_053EN__Abyss_Healer.png
15,[BT04]Eclipse of Illusionary Shadows,BT04/054EN,Enigman Shine,Normal Unit,Dimension Police,3,9000,-,"[AUTO](VC/RC):When this unit's attack hits a vanguard, choose one of your <Dimension Police>, and that unit gets [Power] +3000 until end of turn.",https://en.cf-vanguard.com/cardlist/cardsearch/?cardno=BT04/054EN&expansion=15&view=text,https://en.cf-vanguard.com/wordpress/wp-content/images/cardlist/bt04/BT04_054EN.png,vanguard_scrape_out\images\BT04_054EN__Enigman_Shine.png
15,[BT04]Eclipse of Illusionary Shadows,BT04/055EN,Enigroid Comrade,Normal Unit,Dimension Police,2,10000,5000,"[CONT](VC/RC):If you do not have a unit named ""Enigman Storm"" or a unit named ""Enigman Wave"" on your (VC), this unit gets [Power] -5000. [AUTO](VC/RC):When this unit attacks, this unit gets [Power] +2000 until end of that battle.",https://en.cf-vanguard.com/cardlist/cardsearch/?cardno=BT04/055EN&expansion=15&view=text,https://en.cf-vanguard.com/wordpress/wp-content/images/cardlist/bt04/BT04_055EN.png,vanguard_scrape_out\images\BT04_055EN__Enigroid_Comrade.png
15,[BT04]Eclipse of Illusionary Shadows,BT04/056EN,Enigman Ripple,Normal Unit,Dimension Police,1,6000,5000,"[CONT](VC):If you have a card named ""Enigman Flow"" in your soul, this unit gets [Power] +2000. [AUTO]:[Choose a grade 3 <Dimension Police> from your hand, and discard it] When this unit is placed on (RC), you may pay the cost. If you do, search your deck for up to one card named ""Enigman Storm"", reveal it to your opponent, put it into your hand, and shuffle your deck",https://en.cf-vanguard.com/cardlist/cardsearch/?cardno=BT04/056EN&expansion=15&view=text,https://en.cf-vanguard.com/wordpress/wp-content/images/cardlist/bt04/BT04_056EN.png,vanguard_scrape_out\images\BT04_056EN__Enigman_Ripple.png
15,[BT04]Eclipse of Illusionary Shadows,BT04/057EN,Glory Maker,Normal Unit,Dimension Police,1,6000,5000,"[AUTO](RC):When this unit boosts ([Boost]) a <Dimension Police> vanguard, if the number of cards in your damage zone is four or more, the boosted ([Boost]) unit gets [Power] +4000 until end of that battle.",https://en.cf-vanguard.com/cardlist/cardsearch/?cardno=BT04/057EN&expansion=15&view=text,https://en.cf-vanguard.com/wordpress/wp-content/images/cardlist/bt04/BT04_057EN.png,vanguard_scrape_out\images\BT04_057EN__Glory_Maker.png
15,[BT04]Eclipse of Illusionary Shadows,BT04/058EN,Justice Cobalt,Trigger Unit,Dimension Police,0,5000,10000,-,https://en.cf-vanguard.com/cardlist/cardsearch/?cardno=BT04/058EN&expansion=15&view=text,https://en.cf-vanguard.com/wordpress/wp-content/images/cardlist/bt04/BT04_058EN.png,vanguard_scrape_out\images\BT04_058EN__Justice_Cobalt.png
15,[BT04]Eclipse of Illusionary Shadows,BT04/059EN,Army Penguin,Trigger Unit,Dimension Police,0,5000,5000,-,https://en.cf-vanguard.com/cardlist/cardsearch/?cardno=BT04/059EN&expansion=15&view=text,https://en.cf-vanguard.com/wordpress/wp-content/images/cardlist/bt04/BT04_059EN.png,vanguard_scrape_out\images\BT04_059EN__Army_Penguin.png
15,[BT04]Eclipse of Illusionary Shadows,BT04/060EN,Cosmo Fang,Trigger Unit,Dimension Police,0,5000,10000,-,https://en.cf-vanguard.com/cardlist/cardsearch/?cardno=BT04/060EN&expansion=15&view=text,https://en.cf-vanguard.com/wordpress/wp-content/images/cardlist/bt04/BT04_060EN.png,vanguard_scrape_out\images\BT04_060EN__Cosmo_Fang.png
15,[BT04]Eclipse of Illusionary Shadows,BT04/061EN,Justice Rose,Trigger Unit,Dimension Police,0,5000,10000,"(You may only have up to four cards with ""[Heal] HEAL"" in a deck.)",https://en.cf-vanguard.com/cardlist/cardsearch/?cardno=BT04/061EN&expansion=15&view=text,https://en.cf-vanguard.com/wordpress/wp-content/images/cardlist/bt04/BT04_061EN.png,vanguard_scrape_out\images\BT04_061EN__Justice_Rose.png
15,[BT04]Eclipse of Illusionary Shadows,BT04/062EN,Ironcutter Beetle,Normal Unit,Megacolony,2,10000,5000,"[CONT](VC/RC):If you do not have a unit named ""Evil Armor General, Giraffa"" or a unit named ""Elite Mutant, Giraffa"" on your (VC), this unit gets [Power] -5000. [AUTO](VC/RC):When this unit attacks, this unit gets [Power] +2000 until end of that battle.",https://en.cf-vanguard.com/cardlist/cardsearch/?cardno=BT04/062EN&expansion=15&view=text,https://en.cf-vanguard.com/wordpress/wp-content/images/cardlist/bt04/BT04_062EN.png,vanguard_scrape_out\images\BT04_062EN__Ironcutter_Beetle.png
15,[BT04]Eclipse of Illusionary Shadows,BT04/063EN,Tail Joe,Normal Unit,Megacolony,2,8000,5000,"[CONT](VC/RC):During your turn, if all of your opponent's vanguards and rear-guards are [Rest], this unit gets [Power] +3000.",https://en.cf-vanguard.com/cardlist/cardsearch/?cardno=BT04/063EN&expansion=15&view=text,https://en.cf-vanguard.com/wordpress/wp-content/images/cardlist/bt04/BT04_063EN.png,vanguard_scrape_out\images\BT04_063EN__Tail_Joe.png
15,[BT04]Eclipse of Illusionary Shadows,BT04/064EN,"Pupa Mutant, Giraffa",Normal Unit,Megacolony,1,6000,5000,"[CONT](VC):If you have a card named ""Larva Mutant, Giraffa"" in your soul, this unit gets [Power] +2000. [AUTO]:[Choose a grade 3 <Megacolony> from your hand, and discard it] When this unit is placed on (RC), you may pay the cost. If you do, search your deck for up to one card named ""Evil Armor General, Giraffa"", reveal it to your opponent, put it into your hand, and shuffle your deck.",https://en.cf-vanguard.com/cardlist/cardsearch/?cardno=BT04/064EN&expansion=15&view=text,https://en.cf-vanguard.com/wordpress/wp-content/images/cardlist/bt04/BT04_064EN.png,"vanguard_scrape_out\images\BT04_064EN__Pupa_Mutant,_Giraffa.png"
15,[BT04]Eclipse of Illusionary Shadows,BT04/065EN,Stealth Millipede,Normal Unit,Megacolony,1,6000,5000,"[AUTO](RC):When this unit boosts ([Boost]) a <Megacolony> vanguard, if all of your opponent's vanguards and rear-guards are [Rest], the boosted ([Boost]) unit gets [Power] +4000 until end of that battle.",https://en.cf-vanguard.com/cardlist/cardsearch/?cardno=BT04/065EN&expansion=15&view=text,https://en.cf-vanguard.com/wordpress/wp-content/images/cardlist/bt04/BT04_065EN.png,vanguard_scrape_out\images\BT04_065EN__Stealth_Millipede.png
15,[BT04]Eclipse of Illusionary Shadows,BT04/066EN,Sharp Nail Scorpio,Trigger Unit,Megacolony,0,5000,10000,-,https://en.cf-vanguard.com/cardlist/cardsearch/?cardno=BT04/066EN&expansion=15&view=text,https://en.cf-vanguard.com/wordpress/wp-content/images/cardlist/bt04/BT04_066EN.png,vanguard_scrape_out\images\BT04_066EN__Sharp_Nail_Scorpio.png
15,[BT04]Eclipse of Illusionary Shadows,BT04/067EN,Raider Mantis,Trigger Unit,Megacolony,0,5000,5000,-,https://en.cf-vanguard.com/cardlist/cardsearch/?cardno=BT04/067EN&expansion=15&view=text,https://en.cf-vanguard.com/wordpress/wp-content/images/cardlist/bt04/BT04_067EN.png,vanguard_scrape_out\images\BT04_067EN__Raider_Mantis.png
15,[BT04]Eclipse of Illusionary Shadows,BT04/068EN,Sonic Cicada,Trigger Unit,Megacolony,0,5000,10000,-,https://en.cf-vanguard.com/cardlist/cardsearch/?cardno=BT04/068EN&expansion=15&view=text,https://en.cf-vanguard.com/wordpress/wp-content/images/cardlist/bt04/BT04_068EN.png,vanguard_scrape_out\images\BT04_068EN__Sonic_Cicada.png
15,[BT04]Eclipse of Illusionary Shadows,BT04/069EN,"Medical Battler, Ranpli",Trigger Unit,Megacolony,0,5000,10000,"(You may only have up to four cards with ""[Heal] HEAL"" in a deck.)",https://en.cf-vanguard.com/cardlist/cardsearch/?cardno=BT04/069EN&expansion=15&view=text,https://en.cf-vanguard.com/wordpress/wp-content/images/cardlist/bt04/BT04_069EN.png,"vanguard_scrape_out\images\BT04_069EN__Medical_Battler,_Ranpli.png"
15,[BT04]Eclipse of Illusionary Shadows,BT04/070EN,"Garnet Dragon, Flash",Normal Unit,Kagero,3,9000,-,"[AUTO](VC/RC):When this unit's attack hits a vanguard, choose one of your <Kagero>, and that unit gets [Power] +3000 until end of turn.",https://en.cf-vanguard.com/cardlist/cardsearch/?cardno=BT04/070EN&expansion=15&view=text,https://en.cf-vanguard.com/wordpress/wp-content/images/cardlist/bt04/BT04_070EN.png,"vanguard_scrape_out\images\BT04_070EN__Garnet_Dragon,_Flash.png"
15,[BT04]Eclipse of Illusionary Shadows,BT04/071EN,Lava Arm Dragon,Normal Unit,Kagero,2,10000,5000,"[CONT](VC/RC):If you do not have a unit named ""Amber Dragon, Eclipse"" or a unit named ""Amber Dragon, Dusk"" on your (VC), this unit gets [Power] -5000. [AUTO](VC/RC):When this unit attacks, this unit gets [Power] +2000 until end of that battle.",https://en.cf-vanguard.com/cardlist/cardsearch/?cardno=BT04/071EN&expansion=15&view=text,https://en.cf-vanguard.com/wordpress/wp-content/images/cardlist/bt04/BT04_071EN.png,vanguard_scrape_out\images\BT04_071EN__Lava_Arm_Dragon.png
15,[BT04]Eclipse of Illusionary Shadows,BT04/072EN,"Amber Dragon, Daylight",Normal Unit,Kagero,1,6000,5000,"[CONT](VC):If you have a card named ""Amber Dragon, Dawn"" in your soul, this unit gets [Power] +2000. [AUTO]:[Choose a grade 3 <Kagero> from your hand, and discard it] When this unit is placed on (RC), you may pay the cost. If you do, search your deck for up to one card named ""Amber Dragon, Eclipse"", reveal it to your opponent, put it into your hand, and shuffle your deck.",https://en.cf-vanguard.com/cardlist/cardsearch/?cardno=BT04/072EN&expansion=15&view=text,https://en.cf-vanguard.com/wordpress/wp-content/images/cardlist/bt04/BT04_072EN.png,"vanguard_scrape_out\images\BT04_072EN__Amber_Dragon,_Daylight.png"
15,[BT04]Eclipse of Illusionary Shadows,BT04/073EN,Red Gem Carbuncle,Trigger Unit,Kagero,0,5000,5000,-,https://en.cf-vanguard.com/cardlist/cardsearch/?cardno=BT04/073EN&expansion=15&view=text,https://en.cf-vanguard.com/wordpress/wp-content/images/cardlist/bt04/BT04_073EN.png,vanguard_scrape_out\images\BT04_073EN__Red_Gem_Carbuncle.png
15,[BT04]Eclipse of Illusionary Shadows,BT04/074EN,Flame Seed Salamander,Trigger Unit,Kagero,0,4000,10000,"[AUTO](RC):When an attack hits a vanguard during the battle that this unit boosted ([Boost]) a <Kagero>, you may choose one of your opponent's grade 0 rear-guards, and retire it. If you do, at the beginning of the end phase of that turn, return this unit to your deck, and shuffle your deck.",https://en.cf-vanguard.com/cardlist/cardsearch/?cardno=BT04/074EN&expansion=15&view=text,https://en.cf-vanguard.com/wordpress/wp-content/images/cardlist/bt04/BT04_074EN.png,vanguard_scrape_out\images\BT04_074EN__Flame_Seed_Salamander.png
15,[BT04]Eclipse of Illusionary Shadows,BT04/075EN,Eisenkugel,Normal Unit,Nova Grappler,2,10000,5000,"[CONT](VC/RC):If you do not have a unit named ""Stern Blaukluger"" or a unit named ""Blaukluger"" on your (VC), this unit gets [Power] -5000. [AUTO](VC/RC):When this unit attacks, this unit gets [Power] +2000 until end of that battle.",https://en.cf-vanguard.com/cardlist/cardsearch/?cardno=BT04/075EN&expansion=15&view=text,https://en.cf-vanguard.com/wordpress/wp-content/images/cardlist/bt04/BT04_075EN.png,vanguard_scrape_out\images\BT04_075EN__Eisenkugel.png
15,[BT04]Eclipse of Illusionary Shadows,BT04/076EN,Dancing Wolf,Normal Unit,Nova Grappler,1,7000,5000,"[AUTO](RC):During your battle phase, when this unit becomes [Stand], this unit gets [Power] +3000 until end of turn.",https://en.cf-vanguard.com/cardlist/cardsearch/?cardno=BT04/076EN&expansion=15&view=text,https://en.cf-vanguard.com/wordpress/wp-content/images/cardlist/bt04/BT04_076EN.png,vanguard_scrape_out\images\BT04_076EN__Dancing_Wolf.png
15,[BT04]Eclipse of Illusionary Shadows,BT04/077EN,Blaupanzer,Normal Unit,Nova Grappler,1,6000,5000,"[CONT](VC):If you have a card named ""Blaujunger"" in your soul, this unit gets [Power] +2000. [AUTO]:[Choose a grade 3 <Nova Grappler> from your hand, and discard it] When this unit is placed on (RC), you may pay the cost. If you do, search your deck for up to one card named ""Stern Blaukluger"", reveal it to your opponent, put it into your hand, and shuffle your deck.",https://en.cf-vanguard.com/cardlist/cardsearch/?cardno=BT04/077EN&expansion=15&view=text,https://en.cf-vanguard.com/wordpress/wp-content/images/cardlist/bt04/BT04_077EN.png,vanguard_scrape_out\images\BT04_077EN__Blaupanzer.png
15,[BT04]Eclipse of Illusionary Shadows,BT04/078EN,Toolkit Boy,Normal Unit,Nova Grappler,1,5000,5000,"[AUTO](RC):When an attack hits a vanguard during the battle that this unit boosted ([Boost]) a <Nova Grappler> vanguard, choose a card from your damage zone, and turn it face up.",https://en.cf-vanguard.com/cardlist/cardsearch/?cardno=BT04/078EN&expansion=15&view=text,https://en.cf-vanguard.com/wordpress/wp-content/images/cardlist/bt04/BT04_078EN.png,vanguard_scrape_out\images\BT04_078EN__Toolkit_Boy.png
15,[BT04]Eclipse of Illusionary Shadows,BT04/079EN,"Fighting Battleship, Prometheus",Trigger Unit,Nova Grappler,0,5000,10000,-,https://en.cf-vanguard.com/cardlist/cardsearch/?cardno=BT04/079EN&expansion=15&view=text,https://en.cf-vanguard.com/wordpress/wp-content/images/cardlist/bt04/BT04_079EN.png,"vanguard_scrape_out\images\BT04_079EN__Fighting_Battleship,_Prometheus.png"
15,[BT04]Eclipse of Illusionary Shadows,BT04/080EN,Grapple Mania,Trigger Unit,Nova Grappler,0,4000,10000,"[AUTO](RC):When an attack hits a vanguard during the battle that this unit boosted ([Boost]) a <Nova Grappler>, you may choose a card from your damage zone, and turn it face up. If you do, at the beginning of the end phase of that turn, return this unit to your deck, and shuffle your deck.",https://en.cf-vanguard.com/cardlist/cardsearch/?cardno=BT04/080EN&expansion=15&view=text,https://en.cf-vanguard.com/wordpress/wp-content/images/cardlist/bt04/BT04_080EN.png,vanguard_scrape_out\images\BT04_080EN__Grapple_Mania.png
15,[BT04]Eclipse of Illusionary Shadows,BT04/081EN,Snogal,Normal Unit,Royal Paladin,1,6000,5000,"[CONT](RC):During your turn, this unit gets [Power] +1000 for each other unit named ""Snogal"" on your (VC) or (RC).",https://en.cf-vanguard.com/cardlist/cardsearch/?cardno=BT04/081EN&expansion=15&view=text,https://en.cf-vanguard.com/wordpress/wp-content/images/cardlist/bt04/BT04_081EN.png,vanguard_scrape_out\images\BT04_081EN__Snogal.png
15,[BT04]Eclipse of Illusionary Shadows,BT04/082EN,Brugal,Normal Unit,Royal Paladin,0,4000,10000,"[CONT](RC):During your turn, this unit gets [Power] +1000 for each other unit named ""Brugal"" on your (VC) or (RC). [AUTO]:When another <Royal Paladin> rides this unit, you may call this card to (RC).",https://en.cf-vanguard.com/cardlist/cardsearch/?cardno=BT04/082EN&expansion=15&view=text,https://en.cf-vanguard.com/wordpress/wp-content/images/cardlist/bt04/BT04_082EN.png,vanguard_scrape_out\images\BT04_082EN__Brugal.png
15,[BT04]Eclipse of Illusionary Shadows,BT04/S01EN,Phantom Blaster Dragon,Normal Unit,Shadow Paladin,3,10000,-,"[CONT](VC):If you have a card named ""Blaster Dark"" in your soul, this unit gets [Power] +1000. [ACT](VC):[Counter-Blast 2 & Choose three of your <Shadow Paladin> rear-guards, and retire them] This unit gets [Power] +10000/[Critical] +1 until end of turn.",https://en.cf-vanguard.com/cardlist/cardsearch/?cardno=BT04/S01EN&expansion=15&view=text,https://en.cf-vanguard.com/wordpress/wp-content/images/cardlist/bt04/BT04_S01EN.png,vanguard_scrape_out\images\BT04_S01EN__Phantom_Blaster_Dragon.png
15,[BT04]Eclipse of Illusionary Shadows,BT04/S02EN,"Darkness Maiden, Macha",Normal Unit,Shadow Paladin,2,8000,5000,"[AUTO]:[Counter-Blast 2] When this unit is placed on (VC) or (RC), if you have a <Shadow Paladin> vanguard, you may pay the cost. If you do, search your deck for up to one grade 1 or less <Shadow Paladin>, call it to (RC) in the same column as this unit, and shuffle your deck.",https://en.cf-vanguard.com/cardlist/cardsearch/?cardno=BT04/S02EN&expansion=15&view=text,https://en.cf-vanguard.com/wordpress/wp-content/images/cardlist/bt04/BT04_S02EN.png,"vanguard_scrape_out\images\BT04_S02EN__Darkness_Maiden,_Macha.png"
15,[BT04]Eclipse of Illusionary Shadows,BT04/S03EN,"Skull Witch, Nemain",Normal Unit,Shadow Paladin,2,3000,5000,"[AUTO]:[Counter-Blast 1 & Choose a <Shadow Paladin> from your hand, and discard it] When this unit is placed on (RC), if you have a <Shadow Paladin> vanguard, you may pay the cost. If you do, draw two cards.",https://en.cf-vanguard.com/cardlist/cardsearch/?cardno=BT04/S03EN&expansion=15&view=text,https://en.cf-vanguard.com/wordpress/wp-content/images/cardlist/bt04/BT04_S03EN.png,"vanguard_scrape_out\images\BT04_S03EN__Skull_Witch,_Nemain.png"
15,[BT04]Eclipse of Illusionary Shadows,BT04/S04EN,Enigman Storm,Normal Unit,Dimension Police,3,10000,-,"[CONT](VC):If you have a card named ""Enigman Wave"" in your soul, this unit gets [Power] +1000. [AUTO](VC):At the beginning of your attack step, if this unit's [Power] is 15000 or greater, this unit gets [Critical] +1 until end of that battle.",https://en.cf-vanguard.com/cardlist/cardsearch/?cardno=BT04/S04EN&expansion=15&view=text,https://en.cf-vanguard.com/wordpress/wp-content/images/cardlist/bt04/BT04_S04EN.png,vanguard_scrape_out\images\BT04_S04EN__Enigman_Storm.png
15,[BT04]Eclipse of Illusionary Shadows,BT04/S05EN,"Evil Armor General, Giraffa",Normal Unit,Megacolony,3,10000,-,"[CONT](VC):If you have a card named ""Elite Mutant, Giraffa"" in your soul, this unit gets [Power] +1000. [AUTO](VC):[Counter-Blast 2 & Choose two of your <Megacolony> rear-guards, and retire them] When this unit's attack hits a vanguard, you may pay the cost. If you do, choose up to two of your opponent's grade 1 or less rear-guards, and retire them.",https://en.cf-vanguard.com/cardlist/cardsearch/?cardno=BT04/S05EN&expansion=15&view=text,https://en.cf-vanguard.com/wordpress/wp-content/images/cardlist/bt04/BT04_S05EN.png,"vanguard_scrape_out\images\BT04_S05EN__Evil_Armor_General,_Giraffa.png"
15,[BT04]Eclipse of Illusionary Shadows,BT04/S06EN,"Amber Dragon, Eclipse",Normal Unit,Kagero,3,10000,-,"[CONT](VC):If you have a card named ""Amber Dragon, Dusk"" in your soul, this unit gets [Power] +1000. [ACT](VC):[Counter-Blast 2] This unit gets ""[AUTO](VC):When this unit's attack hits a vanguard, choose up to two of your opponent's rear-guards, and retire them."" until end of turn.",https://en.cf-vanguard.com/cardlist/cardsearch/?cardno=BT04/S06EN&expansion=15&view=text,https://en.cf-vanguard.com/wordpress/wp-content/images/cardlist/bt04/BT04_S06EN.png,"vanguard_scrape_out\images\BT04_S06EN__Amber_Dragon,_Eclipse.png"
15,[BT04]Eclipse of Illusionary Shadows,BT04/S07EN,Stern Blaukluger,Normal Unit,Nova Grappler,3,10000,-,"[CONT](VC):If you have a card named ""Blaukluger"" in your soul, this unit gets [Power] +1000. [AUTO](VC):[Counter-Blast 2 & Choose two <Nova Grappler> from your hand, and discard them] When this unit's attack hits a vanguard, you may pay the cost. If you do, [Stand] all of your units in the same column as this unit, and this unit loses ""Twin Drive!!"" until end of turn.",https://en.cf-vanguard.com/cardlist/cardsearch/?cardno=BT04/S07EN&expansion=15&view=text,https://en.cf-vanguard.com/wordpress/wp-content/images/cardlist/bt04/BT04_S07EN.png,vanguard_scrape_out\images\BT04_S07EN__Stern_Blaukluger.png
15,[BT04]Eclipse of Illusionary Shadows,BT04/S08EN,Dark Metal Dragon,Normal Unit,Shadow Paladin,3,10000,-,"[AUTO](VC):When this unit's drive check reveals a <Shadow Paladin>, this unit gets [Power] +2000 until end of that battle.",https://en.cf-vanguard.com/cardlist/cardsearch/?cardno=BT04/S08EN&expansion=15&view=text,https://en.cf-vanguard.com/wordpress/wp-content/images/cardlist/bt04/BT04_S08EN.png,vanguard_scrape_out\images\BT04_S08EN__Dark_Metal_Dragon.png
15,[BT04]Eclipse of Illusionary Shadows,BT04/S09EN,"Amber Dragon, Dusk",Normal Unit,Kagero,2,9000,5000,"[CONT](VC):If you have a card named ""Amber Dragon, Daylight"" in your soul, this unit gets [Power] +1000. [AUTO](VC):When this unit attacks a vanguard, this unit gets [Power] +2000 until end of that battle.",https://en.cf-vanguard.com/cardlist/cardsearch/?cardno=BT04/S09EN&expansion=15&view=text,https://en.cf-vanguard.com/wordpress/wp-content/images/cardlist/bt04/BT04_S09EN.png,"vanguard_scrape_out\images\BT04_S09EN__Amber_Dragon,_Dusk.png"
15,[BT04]Eclipse of Illusionary Shadows,BT04/S10EN,Blaukluger,Normal Unit,Nova Grappler,2,9000,5000,"[CONT](VC):If you have a card named ""Blaupanzer"" in your soul, this unit gets [Power] +1000. [AUTO](VC):When this unit's attack hits a vanguard, choose a card from your damage zone, and turn it face up.",https://en.cf-vanguard.com/cardlist/cardsearch/?cardno=BT04/S10EN&expansion=15&view=text,https://en.cf-vanguard.com/wordpress/wp-content/images/cardlist/bt04/BT04_S10EN.png,vanguard_scrape_out\images\BT04_S10EN__Blaukluger.png
15,[BT04]Eclipse of Illusionary Shadows,BT04/S11EN,"Fang of Light, Garmore",Normal Unit,Royal Paladin,3,10000,-,"[CONT](VC):During your turn, this unit gets [Power] +1000 for each unit named ""Snogal"" or ""Brugal"" on your (RC). [AUTO]:[Choose a <Royal Paladin> from your hand, and discard it] When this unit is placed on (VC) or (RC), if you have a <Royal Paladin> vanguard, you may pay the cost. If you do, search your deck for up to one card named ""Snogal"" or ""Brugal"", call it to (RC), and shuffle your deck.",https://en.cf-vanguard.com/cardlist/cardsearch/?cardno=BT04/S11EN&expansion=15&view=text,https://en.cf-vanguard.com/wordpress/wp-content/images/cardlist/bt04/BT04_S11EN.png,"vanguard_scrape_out\images\BT04_S11EN__Fang_of_Light,_Garmore.png"
15,[BT04]Eclipse of Illusionary Shadows,BT04/S12EN,Blaster Dark,Normal Unit,Shadow Paladin,2,9000,5000,"[CONT](VC):If you have a card named ""Blaster Javelin"" in your soul, this unit gets [Power] +1000. [AUTO]:[Counter-Blast 2] When this unit is placed on (VC), you may pay the cost. If you do, choose one of your opponent's rear-guards, and retire it.",https://en.cf-vanguard.com/cardlist/cardsearch/?cardno=BT04/S12EN&expansion=15&view=text,https://en.cf-vanguard.com/wordpress/wp-content/images/cardlist/bt04/BT04_S12EN.png,vanguard_scrape_out\images\BT04_S12EN__Blaster_Dark.png
18,[BT05]Awakening of Twin Blades,BT05/001EN,"Covert Demonic Dragon, Mandala Lord",Normal Unit,Murakumo,3,11000,-,"[CONT](VC/RC):If you have a non-<Murakumo> vanguard or rear-guard, this unit gets [Power] -2000. [AUTO](VC):[Counter-Blast 1 & Choose a card named Covert Demonic Dragon, Mandala Lord from your hand, and discard it] At the beginning of the guard step of the battle that this unit is attacked, you may pay the cost. If you do, choose one of your opponent's attacking units, and that unit gets [Power] -10000 until end of that battle.",https://en.cf-vanguard.com/cardlist/cardsearch/?cardno=BT05/001EN&expansion=18&view=text,https://en.cf-vanguard.com/wordpress/wp-content/images/cardlist/bt05/BT05_001EN.png,"vanguard_scrape_out\images\BT05_001EN__Covert_Demonic_Dragon,_Mandala_Lord.png"
18,[BT05]Awakening of Twin Blades,BT05/002EN,Majesty Lord Blaster,Normal Unit,Royal Paladin,3,10000,-,"[CONT](VC):If you have a card named ""Blaster Blade"" and a card named ""Blaster Dark"" in your soul, this unit gets [Power] +2000/[Critical] +1. [AUTO](VC):[Choose a unit named ""Blaster Blade"" and a unit named ""Blaster Dark"" from your (RC), and put them into your soul] When this unit attacks, you may pay the cost. If you do, this unit gets [Power] +10000 until end of that battle.",https://en.cf-vanguard.com/cardlist/cardsearch/?cardno=BT05/002EN&expansion=18&view=text,https://en.cf-vanguard.com/wordpress/wp-content/images/cardlist/bt05/BT05_002EN.png,vanguard_scrape_out\images\BT05_002EN__Majesty_Lord_Blaster.png
18,[BT05]Awakening of Twin Blades,BT05/003EN,Star Call Trumpeter,Normal Unit,Royal Paladin,2,8000,5000,"[AUTO]:[Counter-Blast 2] When this unit is placed on (VC) or (RC), if you have a <Royal Paladin> vanguard, you may pay the cost. If you do, search your deck for up to one grade 2 or less card with Blaster in its card name, call it to (RC), and shuffle your deck.",https://en.cf-vanguard.com/cardlist/cardsearch/?cardno=BT05/003EN&expansion=18&view=text,https://en.cf-vanguard.com/wordpress/wp-content/images/cardlist/bt05/BT05_003EN.png,vanguard_scrape_out\images\BT05_003EN__Star_Call_Trumpeter.png
18,[BT05]Awakening of Twin Blades,BT05/004EN,Phantom Blaster Overlord,Normal Unit,Shadow Paladin,3,11000,-,"[CONT](VC/RC):If you have a non-<Shadow Paladin> vanguard or rear-guard, this unit gets [Power] -2000. [CONT](VC):If you have a card named Phantom Blaster Dragon in your soul, this unit gets [Power] +2000. [AUTO](VC):[Counter-Blast 3 & Choose a card named Phantom Blaster Overlord from your hand, and discard it] When this unit attacks, you may pay the cost. If you do, this unit gets [Power] +10000/[Critical] +1 until end of turn.",https://en.cf-vanguard.com/cardlist/cardsearch/?cardno=BT05/004EN&expansion=18&view=text,https://en.cf-vanguard.com/wordpress/wp-content/images/cardlist/bt05/BT05_004EN.png,vanguard_scrape_out\images\BT05_004EN__Phantom_Blaster_Overlord.png
18,[BT05]Awakening of Twin Blades,BT05/005EN,Dragonic Overlord the End,Normal Unit,Kagero,3,11000,-,"[CONT](VC/RC):If you have a non-<Kagero> vanguard or rear-guard, this unit gets [Power] -2000. [CONT](VC):If you have a card named Dragonic Overlord in your soul, this unit gets [Power] +2000. [AUTO](VC):[Counter-Blast 2 & Choose a card named Dragonic Overlord the End from your hand, and discard it] When this unit's attack hits, you may pay the cost. If you do, [Stand] this unit.",https://en.cf-vanguard.com/cardlist/cardsearch/?cardno=BT05/005EN&expansion=18&view=text,https://en.cf-vanguard.com/wordpress/wp-content/images/cardlist/bt05/BT05_005EN.png,vanguard_scrape_out\images\BT05_005EN__Dragonic_Overlord_the_End.png
18,[BT05]Awakening of Twin Blades,BT05/006EN,Miracle Beauty,Normal Unit,Dimension Police,3,10000,-,"[AUTO](RC):During your battle phase, when this unit becomes [Stand], if you have a <Dimension Police> vanguard, choose another of your rear-guard in the same column as this unit, and [Stand] it.",https://en.cf-vanguard.com/cardlist/cardsearch/?cardno=BT05/006EN&expansion=18&view=text,https://en.cf-vanguard.com/wordpress/wp-content/images/cardlist/bt05/BT05_006EN.png,vanguard_scrape_out\images\BT05_006EN__Miracle_Beauty.png
18,[BT05]Awakening of Twin Blades,BT05/007EN,"King of Diptera, Beelzebub",Normal Unit,Dark Irregulars,3,10000,-,"[CONT](VC):If the number of <Dark Irregulars> in your soul is eight or more, this unit gets [Power] +1000. [AUTO](VC):[Counter-Blast 2] When this unit attacks, if the number of <Dark Irregulars> in your soul is six or more, you may pay the cost. If you do, choose up to two of your <Dark Irregulars> rear-guards, and those units get [Power] +3000 until end of turn.",https://en.cf-vanguard.com/cardlist/cardsearch/?cardno=BT05/007EN&expansion=18&view=text,https://en.cf-vanguard.com/wordpress/wp-content/images/cardlist/bt05/BT05_007EN.png,"vanguard_scrape_out\images\BT05_007EN__King_of_Diptera,_Beelzebub.png"
18,[BT05]Awakening of Twin Blades,BT05/008EN,Mistress Hurricane,Normal Unit,Pale Moon,3,10000,-,"[CONT](VC):If the number of <Pale Moon> in your soul is eight or more, this unit gets [Power] +1000. [AUTO]:[Counter-Blast 2] When this unit is placed on (VC), you may pay the cost. If you do, choose a <Pale Moon> from your soul, and call it to (RC).",https://en.cf-vanguard.com/cardlist/cardsearch/?cardno=BT05/008EN&expansion=18&view=text,https://en.cf-vanguard.com/wordpress/wp-content/images/cardlist/bt05/BT05_008EN.png,vanguard_scrape_out\images\BT05_008EN__Mistress_Hurricane.png
18,[BT05]Awakening of Twin Blades,BT05/009EN,Maiden of Trailing Rose,Normal Unit,Neo Nectar,3,11000,-,"[CONT](VC/RC):If you have a non-<Neo Nectar> vanguard or rear-guard, this unit gets [Power] -2000. [AUTO](VC):[Counter-Blast 1 & Choose a card named Maiden of Trailing Rose from your hand, and discard it] When this unit's attack hits a vanguard, you may pay the cost. If you do, look at up to five cards from the top of your deck, search for up to two <Neo Nectar> from among them, call the chosen cards to separate (RC), and shuffle your deck.",https://en.cf-vanguard.com/cardlist/cardsearch/?cardno=BT05/009EN&expansion=18&view=text,https://en.cf-vanguard.com/wordpress/wp-content/images/cardlist/bt05/BT05_009EN.png,vanguard_scrape_out\images\BT05_009EN__Maiden_of_Trailing_Rose.png
18,[BT05]Awakening of Twin Blades,BT05/010EN,Glass Beads Dragon,Normal Unit,Neo Nectar,2,9000,5000,"[AUTO](VC/RC):[Counter-Blast 2] When this unit's attack hits, if you have a <Neo Nectar> vanguard, you may pay the cost. If you do, draw a card.",https://en.cf-vanguard.com/cardlist/cardsearch/?cardno=BT05/010EN&expansion=18&view=text,https://en.cf-vanguard.com/wordpress/wp-content/images/cardlist/bt05/BT05_010EN.png,vanguard_scrape_out\images\BT05_010EN__Glass_Beads_Dragon.png
18,[BT05]Awakening of Twin Blades,BT05/011EN,Maiden of Blossom Rain,Normal Unit,Neo Nectar,1,6000,0,"[CONT]:Sentinel (You may only have up to four cards with [CONT]:Sentinel in a deck.) [AUTO]:[Choose a <Neo Nectar> from your hand, and discard it] When this unit is placed on (GC), you may pay the cost. If you do, choose one of your <Neo Nectar> that is being attacked, and that unit cannot be hit until end of that battle.",https://en.cf-vanguard.com/cardlist/cardsearch/?cardno=BT05/011EN&expansion=18&view=text,https://en.cf-vanguard.com/wordpress/wp-content/images/cardlist/bt05/BT05_011EN.png,vanguard_scrape_out\images\BT05_011EN__Maiden_of_Blossom_Rain.png
18,[BT05]Awakening of Twin Blades,BT05/012EN,"Stealth Fiend, Midnight Crow",Normal Unit,Murakumo,2,8000,5000,"[AUTO]:[Counter-Blast 1] When this unit is placed on (VC) or (RC), if you have a <Murakumo> vanguard, you may pay the cost. If you do, search your deck for up to one card named Stealth Fiend, Midnight Crow , call it to (RC), and shuffle your deck, and at the beginning of the end phase of that turn, put that unit on the bottom of your deck.",https://en.cf-vanguard.com/cardlist/cardsearch/?cardno=BT05/012EN&expansion=18&view=text,https://en.cf-vanguard.com/wordpress/wp-content/images/cardlist/bt05/BT05_012EN.png,"vanguard_scrape_out\images\BT05_012EN__Stealth_Fiend,_Midnight_Crow.png"
18,[BT05]Awakening of Twin Blades,BT05/013EN,"Stealth Beast, Leaves Mirage",Normal Unit,Murakumo,1,6000,0,"[CONT]:Sentinel (You may only have up to four cards with [CONT]:Sentinel in a deck.) [AUTO]:[Choose a <Murakumo> from your hand, and discard it] When this unit is placed on (GC), you may pay the cost. If you do, choose one of your <Murakumo> that is being attacked, and that unit cannot be hit until end of that battle.",https://en.cf-vanguard.com/cardlist/cardsearch/?cardno=BT05/013EN&expansion=18&view=text,https://en.cf-vanguard.com/wordpress/wp-content/images/cardlist/bt05/BT05_013EN.png,"vanguard_scrape_out\images\BT05_013EN__Stealth_Beast,_Leaves_Mirage.png"
18,[BT05]Awakening of Twin Blades,BT05/014EN,"Knight of Loyalty, Bedivere",Normal Unit,Royal Paladin,2,9000,5000,"[AUTO](RC):When this unit attacks, if you have a vanguard with Blaster in its card name, this unit gets [Power] +3000 until end of that battle.",https://en.cf-vanguard.com/cardlist/cardsearch/?cardno=BT05/014EN&expansion=18&view=text,https://en.cf-vanguard.com/wordpress/wp-content/images/cardlist/bt05/BT05_014EN.png,"vanguard_scrape_out\images\BT05_014EN__Knight_of_Loyalty,_Bedivere.png"
18,[BT05]Awakening of Twin Blades,BT05/015EN,"Knight of Friendship, Kay",Normal Unit,Royal Paladin,1,7000,5000,"[AUTO](RC):When this unit attacks, if you have a vanguard with Blaster in its card name, this unit gets [Power] +3000 until end of that battle.",https://en.cf-vanguard.com/cardlist/cardsearch/?cardno=BT05/015EN&expansion=18&view=text,https://en.cf-vanguard.com/wordpress/wp-content/images/cardlist/bt05/BT05_015EN.png,"vanguard_scrape_out\images\BT05_015EN__Knight_of_Friendship,_Kay.png"
18,[BT05]Awakening of Twin Blades,BT05/016EN,Wingal Brave,Normal Unit,Royal Paladin,0,5000,10000,"[AUTO]:When another <Royal Paladin> rides this unit, you may call this card to (RC). [AUTO](RC):[Put this unit into your soul] When an attack hits during the battle that this unit boosted ([Boost]) a unit with Blaster in its card name, you may pay the cost. If you do, search your deck for up to one card with Blaster in its card name, reveal it to your opponent, put it into your hand, and shuffle your deck.",https://en.cf-vanguard.com/cardlist/cardsearch/?cardno=BT05/016EN&expansion=18&view=text,https://en.cf-vanguard.com/wordpress/wp-content/images/cardlist/bt05/BT05_016EN.png,vanguard_scrape_out\images\BT05_016EN__Wingal_Brave.png
18,[BT05]Awakening of Twin Blades,BT05/017EN,"Moonlight Witch, Vaha",Normal Unit,Shadow Paladin,2,9000,5000,"[AUTO](VC/RC):[Counter-Blast 2] When this unit's attack hits, if you have a <Shadow Paladin> vanguard, you may pay the cost. If you do, draw a card.",https://en.cf-vanguard.com/cardlist/cardsearch/?cardno=BT05/017EN&expansion=18&view=text,https://en.cf-vanguard.com/wordpress/wp-content/images/cardlist/bt05/BT05_017EN.png,"vanguard_scrape_out\images\BT05_017EN__Moonlight_Witch,_Vaha.png"
18,[BT05]Awakening of Twin Blades,BT05/018EN,"Knight of Nullity, Masquerade",Normal Unit,Shadow Paladin,2,9000,5000,"[AUTO](RC):When this unit attacks, if you have a vanguard with Blaster in its card name, this unit gets [Power] +3000 until end of that battle.",https://en.cf-vanguard.com/cardlist/cardsearch/?cardno=BT05/018EN&expansion=18&view=text,https://en.cf-vanguard.com/wordpress/wp-content/images/cardlist/bt05/BT05_018EN.png,"vanguard_scrape_out\images\BT05_018EN__Knight_of_Nullity,_Masquerade.png"
18,[BT05]Awakening of Twin Blades,BT05/019EN,"Evil-eye Princess, Euryale",Normal Unit,Oracle Think Tank,3,10000,-,"[AUTO]:When this unit is placed on (VC) or (RC), if the number of <Oracle Think Tank> in your soul is six or more, choose a card at random from your opponent's hand, bind it face down, and at the beginning of the end phase of that turn, your opponent puts that card into his or her hand.",https://en.cf-vanguard.com/cardlist/cardsearch/?cardno=BT05/019EN&expansion=18&view=text,https://en.cf-vanguard.com/wordpress/wp-content/images/cardlist/bt05/BT05_019EN.png,"vanguard_scrape_out\images\BT05_019EN__Evil-eye_Princess,_Euryale.png"
18,[BT05]Awakening of Twin Blades,BT05/020EN,Street Bouncer,Normal Unit,Nova Grappler,2,8000,5000,"[AUTO]:[Rest] this unit & Choose another of your <Nova Grappler> rear-guard in the same column as this unit, and [Rest] it] When this unit is placed on (RC) if you have a <Nova Grappler> vanguard, you may pay the cost. If you do, draw a card.",https://en.cf-vanguard.com/cardlist/cardsearch/?cardno=BT05/020EN&expansion=18&view=text,https://en.cf-vanguard.com/wordpress/wp-content/images/cardlist/bt05/BT05_020EN.png,vanguard_scrape_out\images\BT05_020EN__Street_Bouncer.png
18,[BT05]Awakening of Twin Blades,BT05/021EN,"Frontline Valkyrie, Laurel",Normal Unit,Neo Nectar,3,10000,-,"[AUTO](VC/RC):When this unit attacks a vanguard, if you have a <Neo Nectar> vanguard, this unit gets [Power] +2000 until end of that battle.",https://en.cf-vanguard.com/cardlist/cardsearch/?cardno=BT05/021EN&expansion=18&view=text,https://en.cf-vanguard.com/wordpress/wp-content/images/cardlist/bt05/BT05_021EN.png,"vanguard_scrape_out\images\BT05_021EN__Frontline_Valkyrie,_Laurel.png"
18,[BT05]Awakening of Twin Blades,BT05/022EN,"Knight of Harvest, Gene",Normal Unit,Neo Nectar,3,10000,-,"[AUTO](RC):[Put this unit on top of your deck] When this unit's attack hits a vanguard, if you have a <Neo Nectar> vanguard, you may pay the cost. If you do, search your deck for up to two cards named Knight of Verdure, Gene , call them as [Rest] to separate (RC), and shuffle your deck.",https://en.cf-vanguard.com/cardlist/cardsearch/?cardno=BT05/022EN&expansion=18&view=text,https://en.cf-vanguard.com/wordpress/wp-content/images/cardlist/bt05/BT05_022EN.png,"vanguard_scrape_out\images\BT05_022EN__Knight_of_Harvest,_Gene.png"
18,[BT05]Awakening of Twin Blades,BT05/023EN,"Avatar of the Plains, Behemoth",Normal Unit,Neo Nectar,3,10000,-,"[AUTO](VC):[Counter-Blast 2] When this unit's attack hits a vanguard, you may pay the cost. If you do, choose one of your <Neo Nectar> rear-guards, and [Stand] it. [AUTO](RC):[Counter-Blast 2] When this unit's attack hits a vanguard, you may pay the cost. If you do, choose one of your grade 1 or less <Neo Nectar> rear-guards, and [Stand] it.",https://en.cf-vanguard.com/cardlist/cardsearch/?cardno=BT05/023EN&expansion=18&view=text,https://en.cf-vanguard.com/wordpress/wp-content/images/cardlist/bt05/BT05_023EN.png,"vanguard_scrape_out\images\BT05_023EN__Avatar_of_the_Plains,_Behemoth.png"
18,[BT05]Awakening of Twin Blades,BT05/024EN,Iris Knight,Normal Unit,Neo Nectar,2,10000,5000,-,https://en.cf-vanguard.com/cardlist/cardsearch/?cardno=BT05/024EN&expansion=18&view=text,https://en.cf-vanguard.com/wordpress/wp-content/images/cardlist/bt05/BT05_024EN.png,vanguard_scrape_out\images\BT05_024EN__Iris_Knight.png
18,[BT05]Awakening of Twin Blades,BT05/025EN,Hey Yo Pineapple,Normal Unit,Neo Nectar,2,8000,5000,"[AUTO](VC/RC):When this unit attacks, if the number of <Neo Nectar> vanguards and/or rear-guards you have is four or more, this unit gets [Power] +3000 until end of that battle.",https://en.cf-vanguard.com/cardlist/cardsearch/?cardno=BT05/025EN&expansion=18&view=text,https://en.cf-vanguard.com/wordpress/wp-content/images/cardlist/bt05/BT05_025EN.png,vanguard_scrape_out\images\BT05_025EN__Hey_Yo_Pineapple.png
18,[BT05]Awakening of Twin Blades,BT05/026EN,Shield Seed Squire,Normal Unit,Neo Nectar,0,5000,10000,"[AUTO]:When another <Neo Nectar> rides this unit, you may call this card to (RC). [AUTO](RC):[Put this unit on top of your deck] When this unit's attack hits a vanguard, if you have a <Neo Nectar> vanguard, you may pay the cost. If you do, search your deck for up to one card named Blade Seed Squire , call it as [Rest] to (RC), and shuffle your deck.",https://en.cf-vanguard.com/cardlist/cardsearch/?cardno=BT05/026EN&expansion=18&view=text,https://en.cf-vanguard.com/wordpress/wp-content/images/cardlist/bt05/BT05_026EN.png,vanguard_scrape_out\images\BT05_026EN__Shield_Seed_Squire.png
18,[BT05]Awakening of Twin Blades,BT05/027EN,"Stealth Fiend, Kurama Lord",Normal Unit,Murakumo,3,10000,-,"[AUTO](VC):At the beginning of your main phase, [Soul-Charge 1], and choose a card from your damage zone, and turn it face up. [AUTO](VC/RC):[Soul-Blast 8 & Counter-Blast 5] When this unit's attack hits, you may pay the cost. If you do, [Stand] all of your units.",https://en.cf-vanguard.com/cardlist/cardsearch/?cardno=BT05/027EN&expansion=18&view=text,https://en.cf-vanguard.com/wordpress/wp-content/images/cardlist/bt05/BT05_027EN.png,"vanguard_scrape_out\images\BT05_027EN__Stealth_Fiend,_Kurama_Lord.png"
18,[BT05]Awakening of Twin Blades,BT05/028EN,"Stealth Dragon, Voidgelga",Normal Unit,Murakumo,3,9000,-,"[AUTO]:[Counter-Blast 1] When this unit is placed on (VC) or (RC), if you have a <Murakumo> vanguard, you may pay the cost. If you do, search your deck for up to one card named Stealth Dragon, Voidgelga , call it to (RC), and shuffle your deck, and at the beginning of the end phase of that turn, put that unit on the bottom of your deck.",https://en.cf-vanguard.com/cardlist/cardsearch/?cardno=BT05/028EN&expansion=18&view=text,https://en.cf-vanguard.com/wordpress/wp-content/images/cardlist/bt05/BT05_028EN.png,"vanguard_scrape_out\images\BT05_028EN__Stealth_Dragon,_Voidgelga.png"
18,[BT05]Awakening of Twin Blades,BT05/029EN,"Stealth Beast, Bloody Mist",Normal Unit,Murakumo,2,10000,5000,-,https://en.cf-vanguard.com/cardlist/cardsearch/?cardno=BT05/029EN&expansion=18&view=text,https://en.cf-vanguard.com/wordpress/wp-content/images/cardlist/bt05/BT05_029EN.png,"vanguard_scrape_out\images\BT05_029EN__Stealth_Beast,_Bloody_Mist.png"
18,[BT05]Awakening of Twin Blades,BT05/030EN,"Caped Stealth Rogue, Shanaou",Normal Unit,Murakumo,2,8000,5000,"[AUTO](RC):When this unit's attack hits a vanguard, if you have a <Murakumo> vanguard, you may return this unit to your hand.",https://en.cf-vanguard.com/cardlist/cardsearch/?cardno=BT05/030EN&expansion=18&view=text,https://en.cf-vanguard.com/wordpress/wp-content/images/cardlist/bt05/BT05_030EN.png,"vanguard_scrape_out\images\BT05_030EN__Caped_Stealth_Rogue,_Shanaou.png"
18,[BT05]Awakening of Twin Blades,BT05/031EN,"Stealth Dragon, Cursed Breath",Normal Unit,Murakumo,2,8000,5000,"[AUTO](VC/RC):When this unit's attack hits a vanguard, if you have a <Murakumo> vanguard, look at up to five cards from the top of your deck, search for up to one card named Covert Demonic Dragon, Mandala Lord from among them, reveal it to your opponent, put it into your hand, and put the rest on the bottom of your deck in any order.",https://en.cf-vanguard.com/cardlist/cardsearch/?cardno=BT05/031EN&expansion=18&view=text,https://en.cf-vanguard.com/wordpress/wp-content/images/cardlist/bt05/BT05_031EN.png,"vanguard_scrape_out\images\BT05_031EN__Stealth_Dragon,_Cursed_Breath.png"
18,[BT05]Awakening of Twin Blades,BT05/032EN,"Stealth Dragon, Turbulent Edge",Normal Unit,Murakumo,1,6000,5000,"[AUTO](VC/RC):When this unit's attack hits a vanguard, if you have a <Murakumo> vanguard, look at up to five cards from the top of your deck, search for up to one card named Covert Demonic Dragon, Mandala Lord from among them, reveal it to your opponent, put it into your hand, and put the rest on the bottom of your deck in any order.",https://en.cf-vanguard.com/cardlist/cardsearch/?cardno=BT05/032EN&expansion=18&view=text,https://en.cf-vanguard.com/wordpress/wp-content/images/cardlist/bt05/BT05_032EN.png,"vanguard_scrape_out\images\BT05_032EN__Stealth_Dragon,_Turbulent_Edge.png"
18,[BT05]Awakening of Twin Blades,BT05/033EN,"Stealth Beast, Million Rat",Normal Unit,Murakumo,1,6000,5000,"[AUTO]:[Counter-Blast 1] When this unit is placed on (VC) or (RC), if you have a <Murakumo> vanguard, you may pay the cost. If you do, search your deck for up to one card named Stealth Beast, Million Rat call it to (RC), and shuffle your deck, and at the beginning of the end phase of that turn, put that unit on the bottom of your deck.",https://en.cf-vanguard.com/cardlist/cardsearch/?cardno=BT05/033EN&expansion=18&view=text,https://en.cf-vanguard.com/wordpress/wp-content/images/cardlist/bt05/BT05_033EN.png,"vanguard_scrape_out\images\BT05_033EN__Stealth_Beast,_Million_Rat.png"
18,[BT05]Awakening of Twin Blades,BT05/034EN,"Stealth Beast, Evil Ferret",Normal Unit,Murakumo,0,5000,10000,"[AUTO]:When another <Murakumo> rides this unit, you may call this card to (RC). [ACT](RC):[Put this unit on the bottom of your deck] Choose up to one <Murakumo> from your hand, call it to (RC), and at the beginning of the end phase of that turn, return it to your hand.",https://en.cf-vanguard.com/cardlist/cardsearch/?cardno=BT05/034EN&expansion=18&view=text,https://en.cf-vanguard.com/wordpress/wp-content/images/cardlist/bt05/BT05_034EN.png,"vanguard_scrape_out\images\BT05_034EN__Stealth_Beast,_Evil_Ferret.png"
18,[BT05]Awakening of Twin Blades,BT05/035EN,Conjurer of Mithril,Normal Unit,Royal Paladin,2,7000,5000,"[AUTO]：When this unit is placed on (VC) or (RC), reveal the top card of your deck. If the revealed card is a grade 1 or 2 <Royal Paladin>, call it to (RC), and if it is not, shuffle your deck.",https://en.cf-vanguard.com/cardlist/cardsearch/?cardno=BT05/035EN&expansion=18&view=text,https://en.cf-vanguard.com/wordpress/wp-content/images/cardlist/bt05/BT05_035EN.png,vanguard_scrape_out\images\BT05_035EN__Conjurer_of_Mithril.png
18,[BT05]Awakening of Twin Blades,BT05/036EN,"Knight of Purgatory, Skull Face",Normal Unit,Shadow Paladin,3,10000,-,"[AUTO](VC):At the beginning of your main phase, [Soul-Charge 1], and this unit gets [Power] +2000 until end of turn. [AUTO](VC/RC):[Soul-Blast 8 & Counter-Blast 5] When this unit's attack hits, you may pay the cost. If you do, retire all of your opponent's rear-guards.",https://en.cf-vanguard.com/cardlist/cardsearch/?cardno=BT05/036EN&expansion=18&view=text,https://en.cf-vanguard.com/wordpress/wp-content/images/cardlist/bt05/BT05_036EN.png,"vanguard_scrape_out\images\BT05_036EN__Knight_of_Purgatory,_Skull_Face.png"
18,[BT05]Awakening of Twin Blades,BT05/037EN,Apocalypse Bat,Normal Unit,Shadow Paladin,1,4000,5000,"[AUTO](RC):[Soul-Blast 1] When this unit boosts ([Boost]) a unit with Blaster in its card name, you may pay the cost. If you do, the boosted ([Boost]) unit gets [Power] +6000 until end of that battle.",https://en.cf-vanguard.com/cardlist/cardsearch/?cardno=BT05/037EN&expansion=18&view=text,https://en.cf-vanguard.com/wordpress/wp-content/images/cardlist/bt05/BT05_037EN.png,vanguard_scrape_out\images\BT05_037EN__Apocalypse_Bat.png
18,[BT05]Awakening of Twin Blades,BT05/038EN,Burning Horn Dragon,Normal Unit,Kagero,2,9000,5000,"[AUTO](RC):When this unit attacks, if you have a vanguard with Overlord in its card name, this unit gets [Power] +3000 until end of that battle.",https://en.cf-vanguard.com/cardlist/cardsearch/?cardno=BT05/038EN&expansion=18&view=text,https://en.cf-vanguard.com/wordpress/wp-content/images/cardlist/bt05/BT05_038EN.png,vanguard_scrape_out\images\BT05_038EN__Burning_Horn_Dragon.png
18,[BT05]Awakening of Twin Blades,BT05/039EN,"Flame of Promise, Aermo",Normal Unit,Kagero,1,4000,5000,"[AUTO](RC):[Soul-Blast 1] When this unit boosts ([Boost]) a unit with Overlord in its card name, you may pay the cost. If you do, the boosted ([Boost]) unit gets [Power] +6000 until end of that battle.",https://en.cf-vanguard.com/cardlist/cardsearch/?cardno=BT05/039EN&expansion=18&view=text,https://en.cf-vanguard.com/wordpress/wp-content/images/cardlist/bt05/BT05_039EN.png,"vanguard_scrape_out\images\BT05_039EN__Flame_of_Promise,_Aermo.png"
18,[BT05]Awakening of Twin Blades,BT05/040EN,"Demonic Dragon Mage, Mahoraga",Normal Unit,Kagero,1,5000,5000,"[AUTO](RC)：During your main phase, when an opponent's rear-guard is put into the drop zone, this unit gets [Power] +5000 until end of turn.",https://en.cf-vanguard.com/cardlist/cardsearch/?cardno=BT05/040EN&expansion=18&view=text,https://en.cf-vanguard.com/wordpress/wp-content/images/cardlist/bt05/BT05_040EN.png,"vanguard_scrape_out\images\BT05_040EN__Demonic_Dragon_Mage,_Mahoraga.png"
18,[BT05]Awakening of Twin Blades,BT05/041EN,Magical Police Quilt,Normal Unit,Dimension Police,1,6000,5000,"[AUTO](RC):[Choose a card from your hand, and discard it] When an attack hits during the battle that this unit boosted ([Boost]), you may pay the cost. If you do, draw a card.",https://en.cf-vanguard.com/cardlist/cardsearch/?cardno=BT05/041EN&expansion=18&view=text,https://en.cf-vanguard.com/wordpress/wp-content/images/cardlist/bt05/BT05_041EN.png,vanguard_scrape_out\images\BT05_041EN__Magical_Police_Quilt.png
18,[BT05]Awakening of Twin Blades,BT05/042EN,Devil Child,Normal Unit,Dark Irregulars,1,6000,5000,"[AUTO](RC):When this unit boosts ([Boost]) a <Dark Irregulars> vanguard, if the number of <Dark Irregulars> in your soul is six or more, the boosted ([Boost]) unit gets [Power] +4000 until end of that battle.",https://en.cf-vanguard.com/cardlist/cardsearch/?cardno=BT05/042EN&expansion=18&view=text,https://en.cf-vanguard.com/wordpress/wp-content/images/cardlist/bt05/BT05_042EN.png,vanguard_scrape_out\images\BT05_042EN__Devil_Child.png
18,[BT05]Awakening of Twin Blades,BT05/043EN,"Knight of Verdure, Gene",Normal Unit,Neo Nectar,2,9000,5000,"[AUTO](RC):[Put this unit on top of your deck] When this unit's attack hits a vanguard, if you have a <Neo Nectar> vanguard, you may pay the cost. If you do, search your deck for up to one card named Knight of Harvest, Gene , call it to (RC) as [Rest], and shuffle your deck.",https://en.cf-vanguard.com/cardlist/cardsearch/?cardno=BT05/043EN&expansion=18&view=text,https://en.cf-vanguard.com/wordpress/wp-content/images/cardlist/bt05/BT05_043EN.png,"vanguard_scrape_out\images\BT05_043EN__Knight_of_Verdure,_Gene.png"
18,[BT05]Awakening of Twin Blades,BT05/044EN,"Colossal Wings, Simurgh",Normal Unit,Neo Nectar,2,8000,5000,"[AUTO]:When this unit intercepts ([Intercept]), if you have a <Neo Nectar> vanguard, this unit gets [Shield] +5000 until end of that battle.",https://en.cf-vanguard.com/cardlist/cardsearch/?cardno=BT05/044EN&expansion=18&view=text,https://en.cf-vanguard.com/wordpress/wp-content/images/cardlist/bt05/BT05_044EN.png,"vanguard_scrape_out\images\BT05_044EN__Colossal_Wings,_Simurgh.png"
18,[BT05]Awakening of Twin Blades,BT05/045EN,"Spiritual Tree Sage, Irminsul",Normal Unit,Neo Nectar,2,7000,5000,"[AUTO]:When this unit is placed on (VC) or (RC), reveal the top card of your deck. If the revealed card is a grade 1 or 2 <Neo Nectar>, call it to (RC), and if it is not, shuffle your deck.",https://en.cf-vanguard.com/cardlist/cardsearch/?cardno=BT05/045EN&expansion=18&view=text,https://en.cf-vanguard.com/wordpress/wp-content/images/cardlist/bt05/BT05_045EN.png,"vanguard_scrape_out\images\BT05_045EN__Spiritual_Tree_Sage,_Irminsul.png"
18,[BT05]Awakening of Twin Blades,BT05/046EN,Corolla Dragon,Normal Unit,Neo Nectar,1,8000,5000,-,https://en.cf-vanguard.com/cardlist/cardsearch/?cardno=BT05/046EN&expansion=18&view=text,https://en.cf-vanguard.com/wordpress/wp-content/images/cardlist/bt05/BT05_046EN.png,vanguard_scrape_out\images\BT05_046EN__Corolla_Dragon.png
18,[BT05]Awakening of Twin Blades,BT05/047EN,Caramel Popcorn,Normal Unit,Neo Nectar,1,7000,5000,[ACT](VC/RC):[Counter-Blast 1] This unit gets [Power] +1000 until end of turn.,https://en.cf-vanguard.com/cardlist/cardsearch/?cardno=BT05/047EN&expansion=18&view=text,https://en.cf-vanguard.com/wordpress/wp-content/images/cardlist/bt05/BT05_047EN.png,vanguard_scrape_out\images\BT05_047EN__Caramel_Popcorn.png
18,[BT05]Awakening of Twin Blades,BT05/048EN,Lady of the Sunlight Forest,Normal Unit,Neo Nectar,1,7000,5000,"[ACT](VC/RC):[Rest] this unit & Choose a card from your hand, and discard it] Draw a card.",https://en.cf-vanguard.com/cardlist/cardsearch/?cardno=BT05/048EN&expansion=18&view=text,https://en.cf-vanguard.com/wordpress/wp-content/images/cardlist/bt05/BT05_048EN.png,vanguard_scrape_out\images\BT05_048EN__Lady_of_the_Sunlight_Forest.png
18,[BT05]Awakening of Twin Blades,BT05/049EN,Blade Seed Squire,Normal Unit,Neo Nectar,1,7000,5000,"[AUTO](RC):[Put this unit on top of your deck] When this unit's attack hits a vanguard, if you have a <Neo Nectar> vanguard, you may pay the cost. If you do, search your deck for up to one card named Knight of Verdure, Gene , call it to (RC) as [Rest], and shuffle your deck.",https://en.cf-vanguard.com/cardlist/cardsearch/?cardno=BT05/049EN&expansion=18&view=text,https://en.cf-vanguard.com/wordpress/wp-content/images/cardlist/bt05/BT05_049EN.png,vanguard_scrape_out\images\BT05_049EN__Blade_Seed_Squire.png
18,[BT05]Awakening of Twin Blades,BT05/050EN,Lily Knight of the Valley,Normal Unit,Neo Nectar,1,6000,5000,"[AUTO](RC):When this unit boosts ([Boost]) a card named Iris Knight , the boosted ([Boost]) unit gets [Power] +4000 until end of that battle.",https://en.cf-vanguard.com/cardlist/cardsearch/?cardno=BT05/050EN&expansion=18&view=text,https://en.cf-vanguard.com/wordpress/wp-content/images/cardlist/bt05/BT05_050EN.png,vanguard_scrape_out\images\BT05_050EN__Lily_Knight_of_the_Valley.png
18,[BT05]Awakening of Twin Blades,BT05/051EN,Pea Knight,Normal Unit,Neo Nectar,0,6000,10000,-,https://en.cf-vanguard.com/cardlist/cardsearch/?cardno=BT05/051EN&expansion=18&view=text,https://en.cf-vanguard.com/wordpress/wp-content/images/cardlist/bt05/BT05_051EN.png,vanguard_scrape_out\images\BT05_051EN__Pea_Knight.png
18,[BT05]Awakening of Twin Blades,BT05/052EN,Chestnut Bullet,Trigger Unit,Neo Nectar,0,5000,10000,-,https://en.cf-vanguard.com/cardlist/cardsearch/?cardno=BT05/052EN&expansion=18&view=text,https://en.cf-vanguard.com/wordpress/wp-content/images/cardlist/bt05/BT05_052EN.png,vanguard_scrape_out\images\BT05_052EN__Chestnut_Bullet.png
18,[BT05]Awakening of Twin Blades,BT05/053EN,Dancing Sunflower,Trigger Unit,Neo Nectar,0,5000,5000,-,https://en.cf-vanguard.com/cardlist/cardsearch/?cardno=BT05/053EN&expansion=18&view=text,https://en.cf-vanguard.com/wordpress/wp-content/images/cardlist/bt05/BT05_053EN.png,vanguard_scrape_out\images\BT05_053EN__Dancing_Sunflower.png
18,[BT05]Awakening of Twin Blades,BT05/054EN,Sweet Honey,Trigger Unit,Neo Nectar,0,5000,10000,(You may only have up to four cards with [Heal] HEAL in a deck.),https://en.cf-vanguard.com/cardlist/cardsearch/?cardno=BT05/054EN&expansion=18&view=text,https://en.cf-vanguard.com/wordpress/wp-content/images/cardlist/bt05/BT05_054EN.png,vanguard_scrape_out\images\BT05_054EN__Sweet_Honey.png
18,[BT05]Awakening of Twin Blades,BT05/055EN,Watering Elf,Trigger Unit,Neo Nectar,0,4000,10000,"[ACT](RC):[Put this unit into your soul] Choose up to one of your <Neo Nectar>, and that unit gets [Power] +3000 until end of turn.",https://en.cf-vanguard.com/cardlist/cardsearch/?cardno=BT05/055EN&expansion=18&view=text,https://en.cf-vanguard.com/wordpress/wp-content/images/cardlist/bt05/BT05_055EN.png,vanguard_scrape_out\images\BT05_055EN__Watering_Elf.png
18,[BT05]Awakening of Twin Blades,BT05/056EN,"Stealth Beast, White Mane",Normal Unit,Murakumo,2,9000,5000,"[AUTO](VC/RC):When this unit's attack hits a vanguard, if you have a <Murakumo> vanguard, choose a card from your damage zone, and turn it face up.",https://en.cf-vanguard.com/cardlist/cardsearch/?cardno=BT05/056EN&expansion=18&view=text,https://en.cf-vanguard.com/wordpress/wp-content/images/cardlist/bt05/BT05_056EN.png,"vanguard_scrape_out\images\BT05_056EN__Stealth_Beast,_White_Mane.png"
18,[BT05]Awakening of Twin Blades,BT05/057EN,"Stealth Rogue of Silence, Shijimamaru",Normal Unit,Murakumo,1,8000,5000,-,https://en.cf-vanguard.com/cardlist/cardsearch/?cardno=BT05/057EN&expansion=18&view=text,https://en.cf-vanguard.com/wordpress/wp-content/images/cardlist/bt05/BT05_057EN.png,"vanguard_scrape_out\images\BT05_057EN__Stealth_Rogue_of_Silence,_Shijimamaru.png"
18,[BT05]Awakening of Twin Blades,BT05/058EN,"Stealth Beast, Leaf Raccoon",Normal Unit,Murakumo,1,6000,5000,"[AUTO](RC):When this unit boosts ([Boost]) a <Murakumo> vanguard, if the number of cards in your hand is more than your opponent's, the boosted ([Boost]) unit gets [Power] +4000 until end of that battle.",https://en.cf-vanguard.com/cardlist/cardsearch/?cardno=BT05/058EN&expansion=18&view=text,https://en.cf-vanguard.com/wordpress/wp-content/images/cardlist/bt05/BT05_058EN.png,"vanguard_scrape_out\images\BT05_058EN__Stealth_Beast,_Leaf_Raccoon.png"
18,[BT05]Awakening of Twin Blades,BT05/059EN,"Stealth Beast, Moon Edge",Trigger Unit,Murakumo,0,5000,10000,-,https://en.cf-vanguard.com/cardlist/cardsearch/?cardno=BT05/059EN&expansion=18&view=text,https://en.cf-vanguard.com/wordpress/wp-content/images/cardlist/bt05/BT05_059EN.png,"vanguard_scrape_out\images\BT05_059EN__Stealth_Beast,_Moon_Edge.png"
18,[BT05]Awakening of Twin Blades,BT05/060EN,"Stealth Beast, Cat Rouge",Trigger Unit,Murakumo,0,5000,5000,-,https://en.cf-vanguard.com/cardlist/cardsearch/?cardno=BT05/060EN&expansion=18&view=text,https://en.cf-vanguard.com/wordpress/wp-content/images/cardlist/bt05/BT05_060EN.png,"vanguard_scrape_out\images\BT05_060EN__Stealth_Beast,_Cat_Rouge.png"
18,[BT05]Awakening of Twin Blades,BT05/061EN,"Stealth Fiend, Yukihime",Trigger Unit,Murakumo,0,5000,10000,(You may only have up to four cards with [Heal] HEAL in a deck.),https://en.cf-vanguard.com/cardlist/cardsearch/?cardno=BT05/061EN&expansion=18&view=text,https://en.cf-vanguard.com/wordpress/wp-content/images/cardlist/bt05/BT05_061EN.png,"vanguard_scrape_out\images\BT05_061EN__Stealth_Fiend,_Yukihime.png"
18,[BT05]Awakening of Twin Blades,BT05/062EN,"Stealth Fiend, Dart Spider",Trigger Unit,Murakumo,0,4000,10000,"[ACT](RC):[Put this unit into your soul] If you have a <Murakumo> vanguard, choose up to one card from your damage zone, and turn it face up.",https://en.cf-vanguard.com/cardlist/cardsearch/?cardno=BT05/062EN&expansion=18&view=text,https://en.cf-vanguard.com/wordpress/wp-content/images/cardlist/bt05/BT05_062EN.png,"vanguard_scrape_out\images\BT05_062EN__Stealth_Fiend,_Dart_Spider.png"
18,[BT05]Awakening of Twin Blades,BT05/063EN,"Powerful Sage, Bairon",Normal Unit,Royal Paladin,3,9000,-,"[AUTO](VC/RC):When this unit's attack hits a vanguard, choose one of your <Royal Paladin>, and that unit gets [Power] +3000 until end of turn.",https://en.cf-vanguard.com/cardlist/cardsearch/?cardno=BT05/063EN&expansion=18&view=text,https://en.cf-vanguard.com/wordpress/wp-content/images/cardlist/bt05/BT05_063EN.png,"vanguard_scrape_out\images\BT05_063EN__Powerful_Sage,_Bairon.png"
18,[BT05]Awakening of Twin Blades,BT05/064EN,Dream Painter,Normal Unit,Royal Paladin,1,6000,5000,"[AUTO]:When this unit is placed on (VC) or (RC), if you have a <Royal Paladin> vanguard, choose up to one <Royal Paladin> from your hand, and put it into your soul.",https://en.cf-vanguard.com/cardlist/cardsearch/?cardno=BT05/064EN&expansion=18&view=text,https://en.cf-vanguard.com/wordpress/wp-content/images/cardlist/bt05/BT05_064EN.png,vanguard_scrape_out\images\BT05_064EN__Dream_Painter.png
18,[BT05]Awakening of Twin Blades,BT05/065EN,"Silent Sage, Sharon",Trigger Unit,Royal Paladin,0,4000,10000,"[ACT](RC):[Put this unit into your soul] Choose up to one of your <Royal Paladin>, and that unit gets [Power] +3000 until end of turn.",https://en.cf-vanguard.com/cardlist/cardsearch/?cardno=BT05/065EN&expansion=18&view=text,https://en.cf-vanguard.com/wordpress/wp-content/images/cardlist/bt05/BT05_065EN.png,"vanguard_scrape_out\images\BT05_065EN__Silent_Sage,_Sharon.png"
18,[BT05]Awakening of Twin Blades,BT05/066EN,Nightmare Painter,Normal Unit,Shadow Paladin,1,6000,5000,"[AUTO]:When this unit is placed on (VC) or (RC), if you have a <Shadow Paladin> vanguard, choose up to one <Shadow Paladin> from your hand, and put it into your soul.",https://en.cf-vanguard.com/cardlist/cardsearch/?cardno=BT05/066EN&expansion=18&view=text,https://en.cf-vanguard.com/wordpress/wp-content/images/cardlist/bt05/BT05_066EN.png,vanguard_scrape_out\images\BT05_066EN__Nightmare_Painter.png
18,[BT05]Awakening of Twin Blades,BT05/067EN,Phantom Bringer Demon,Normal Unit,Shadow Paladin,0,5000,10000,"[ACT](RC):[Counter-Blast 1 & Choose two of your <Shadow Paladin> rear-guards, and retire them] Search your deck for up to one card named Phantom Blaster Overlord , reveal it to your opponent, put it into your hand, and shuffle your deck.",https://en.cf-vanguard.com/cardlist/cardsearch/?cardno=BT05/067EN&expansion=18&view=text,https://en.cf-vanguard.com/wordpress/wp-content/images/cardlist/bt05/BT05_067EN.png,vanguard_scrape_out\images\BT05_067EN__Phantom_Bringer_Demon.png
18,[BT05]Awakening of Twin Blades,BT05/068EN,Death Feather Eagle,Trigger Unit,Shadow Paladin,0,5000,10000,-,https://en.cf-vanguard.com/cardlist/cardsearch/?cardno=BT05/068EN&expansion=18&view=text,https://en.cf-vanguard.com/wordpress/wp-content/images/cardlist/bt05/BT05_068EN.png,vanguard_scrape_out\images\BT05_068EN__Death_Feather_Eagle.png
18,[BT05]Awakening of Twin Blades,BT05/069EN,"Battle Maiden, Tagitsuhime",Normal Unit,Oracle Think Tank,2,9000,5000,"[AUTO](RC):When this unit attacks, if the number of <Oracle Think Tank> in your soul is six or more, this unit gets [Power] +3000 until end of that battle.",https://en.cf-vanguard.com/cardlist/cardsearch/?cardno=BT05/069EN&expansion=18&view=text,https://en.cf-vanguard.com/wordpress/wp-content/images/cardlist/bt05/BT05_069EN.png,"vanguard_scrape_out\images\BT05_069EN__Battle_Maiden,_Tagitsuhime.png"
18,[BT05]Awakening of Twin Blades,BT05/070EN,White Hare of Inaba,Normal Unit,Oracle Think Tank,1,6000,5000,"[AUTO]:When this unit is placed on (VC) or (RC), if you have an <Oracle Think Tank> vanguard, choose up to one <Oracle Think Tank> from your hand, and put it into your soul.",https://en.cf-vanguard.com/cardlist/cardsearch/?cardno=BT05/070EN&expansion=18&view=text,https://en.cf-vanguard.com/wordpress/wp-content/images/cardlist/bt05/BT05_070EN.png,vanguard_scrape_out\images\BT05_070EN__White_Hare_of_Inaba.png
18,[BT05]Awakening of Twin Blades,BT05/071EN,"Battle Sister, Ginger",Trigger Unit,Oracle Think Tank,0,5000,10000,-,https://en.cf-vanguard.com/cardlist/cardsearch/?cardno=BT05/071EN&expansion=18&view=text,https://en.cf-vanguard.com/wordpress/wp-content/images/cardlist/bt05/BT05_071EN.png,"vanguard_scrape_out\images\BT05_071EN__Battle_Sister,_Ginger.png"
18,[BT05]Awakening of Twin Blades,BT05/072EN,Doom Bringer Griffin,Normal Unit,Kagero,0,5000,10000,"[ACT](RC):[Counter-Blast 1 & Choose two of your <Kagero> rear-guards, and retire them] Search your deck for up to one card named Dragonic Overlord the End , reveal it to your opponent, put it into your hand, and shuffle your deck.",https://en.cf-vanguard.com/cardlist/cardsearch/?cardno=BT05/072EN&expansion=18&view=text,https://en.cf-vanguard.com/wordpress/wp-content/images/cardlist/bt05/BT05_072EN.png,vanguard_scrape_out\images\BT05_072EN__Doom_Bringer_Griffin.png
18,[BT05]Awakening of Twin Blades,BT05/073EN,Top Gun,Normal Unit,Nova Grappler,3,10000,-,"[AUTO](VC):When your <Nova Grappler> rear-guard becomes [Rest], this unit gets [Power] +1000 until end of turn.",https://en.cf-vanguard.com/cardlist/cardsearch/?cardno=BT05/073EN&expansion=18&view=text,https://en.cf-vanguard.com/wordpress/wp-content/images/cardlist/bt05/BT05_073EN.png,vanguard_scrape_out\images\BT05_073EN__Top_Gun.png
18,[BT05]Awakening of Twin Blades,BT05/074EN,Anthrodroid,Normal Unit,Nova Grappler,1,6000,5000,"[ACT](RC):[Counter-Blast 1] If you have a <Nova Grappler> vanguard, [Stand] this unit.",https://en.cf-vanguard.com/cardlist/cardsearch/?cardno=BT05/074EN&expansion=18&view=text,https://en.cf-vanguard.com/wordpress/wp-content/images/cardlist/bt05/BT05_074EN.png,vanguard_scrape_out\images\BT05_074EN__Anthrodroid.png
18,[BT05]Awakening of Twin Blades,BT05/075EN,The Gong,Trigger Unit,Nova Grappler,0,5000,5000,-,https://en.cf-vanguard.com/cardlist/cardsearch/?cardno=BT05/075EN&expansion=18&view=text,https://en.cf-vanguard.com/wordpress/wp-content/images/cardlist/bt05/BT05_075EN.png,vanguard_scrape_out\images\BT05_075EN__The_Gong.png
18,[BT05]Awakening of Twin Blades,BT05/076EN,"Super Dimensional Robo, Dailady",Normal Unit,Dimension Police,2,9000,5000,"[AUTO](RC):When this unit's attack hits a vanguard, choose one of your <Dimension Police>, and that unit gets [Power] +3000 until end of turn.",https://en.cf-vanguard.com/cardlist/cardsearch/?cardno=BT05/076EN&expansion=18&view=text,https://en.cf-vanguard.com/wordpress/wp-content/images/cardlist/bt05/BT05_076EN.png,"vanguard_scrape_out\images\BT05_076EN__Super_Dimensional_Robo,_Dailady.png"
18,[BT05]Awakening of Twin Blades,BT05/077EN,Guide Dolphin,Trigger Unit,Dimension Police,0,4000,10000,"[ACT](RC):[Put this unit into your soul] Choose up to one of your <Dimension Police>, and that unit gets [Power] +3000 until end of turn.",https://en.cf-vanguard.com/cardlist/cardsearch/?cardno=BT05/077EN&expansion=18&view=text,https://en.cf-vanguard.com/wordpress/wp-content/images/cardlist/bt05/BT05_077EN.png,vanguard_scrape_out\images\BT05_077EN__Guide_Dolphin.png
18,[BT05]Awakening of Twin Blades,BT05/078EN,Dark Soul Conductor,Normal Unit,Dark Irregulars,2,8000,5000,"[AUTO]:When this unit is put into the drop zone from (GC), if you have a <Dark Irregulars> vanguard, you may [Soul-Charge 2].",https://en.cf-vanguard.com/cardlist/cardsearch/?cardno=BT05/078EN&expansion=18&view=text,https://en.cf-vanguard.com/wordpress/wp-content/images/cardlist/bt05/BT05_078EN.png,vanguard_scrape_out\images\BT05_078EN__Dark_Soul_Conductor.png
18,[BT05]Awakening of Twin Blades,BT05/079EN,Hysteric Shirley,Trigger Unit,Dark Irregulars,0,4000,5000,"[ACT](RC):[Put this unit into your soul] If you have a <Dark Irregulars> vanguard, you may [Soul-Charge 1].",https://en.cf-vanguard.com/cardlist/cardsearch/?cardno=BT05/079EN&expansion=18&view=text,https://en.cf-vanguard.com/wordpress/wp-content/images/cardlist/bt05/BT05_079EN.png,vanguard_scrape_out\images\BT05_079EN__Hysteric_Shirley.png
18,[BT05]Awakening of Twin Blades,BT05/080EN,Big League Bear,Normal Unit,Pale Moon,2,8000,5000,"[AUTO]:When this unit is put into the drop zone from (GC), if you have a <Pale Moon> vanguard, you may [Soul-Charge 2].",https://en.cf-vanguard.com/cardlist/cardsearch/?cardno=BT05/080EN&expansion=18&view=text,https://en.cf-vanguard.com/wordpress/wp-content/images/cardlist/bt05/BT05_080EN.png,vanguard_scrape_out\images\BT05_080EN__Big_League_Bear.png
18,[BT05]Awakening of Twin Blades,BT05/081EN,Madcap Marionette,Normal Unit,Pale Moon,1,6000,5000,"[AUTO]:When this unit is placed on (VC) or (RC), if you have a <Pale Moon> vanguard, choose up to one <Pale Moon> from your hand, and put it into your soul.",https://en.cf-vanguard.com/cardlist/cardsearch/?cardno=BT05/081EN&expansion=18&view=text,https://en.cf-vanguard.com/wordpress/wp-content/images/cardlist/bt05/BT05_081EN.png,vanguard_scrape_out\images\BT05_081EN__Madcap_Marionette.png
18,[BT05]Awakening of Twin Blades,BT05/082EN,Skyhigh Walker,Trigger Unit,Pale Moon,0,4000,10000,"[ACT](RC):[Put this unit into your soul] If you have a <Pale Moon> vanguard, choose up to one card from your damage zone, and turn it face up.",https://en.cf-vanguard.com/cardlist/cardsearch/?cardno=BT05/082EN&expansion=18&view=text,https://en.cf-vanguard.com/wordpress/wp-content/images/cardlist/bt05/BT05_082EN.png,vanguard_scrape_out\images\BT05_082EN__Skyhigh_Walker.png
18,[BT05]Awakening of Twin Blades,BT05/S01EN,"Covert Demonic Dragon, Mandala Lord",Normal Unit,Murakumo,3,11000,-,"[CONT](VC/RC):If you have a non-<Murakumo> vanguard or rear-guard, this unit gets [Power] -2000. [AUTO](VC):[Counter-Blast 1 & Choose a card named Covert Demonic Dragon, Mandala Lord from your hand, and discard it] At the beginning of the guard step of the battle that this unit is attacked, you may pay the cost. If you do, choose one of your opponent's attacking units, and that unit gets [Power] -10000 until end of that battle.",https://en.cf-vanguard.com/cardlist/cardsearch/?cardno=BT05/S01EN&expansion=18&view=text,https://en.cf-vanguard.com/wordpress/wp-content/images/cardlist/bt05/BT05_S01EN.png,"vanguard_scrape_out\images\BT05_S01EN__Covert_Demonic_Dragon,_Mandala_Lord.png"
18,[BT05]Awakening of Twin Blades,BT05/S02EN,Majesty Lord Blaster,Normal Unit,Royal Paladin,3,10000,-,"[CONT](VC):If you have a card named ""Blaster Blade"" and a card named ""Blaster Dark"" in your soul, this unit gets [Power] +2000/[Critical] +1. [AUTO](VC):[Choose a unit named ""Blaster Blade"" and a unit named ""Blaster Dark"" from your (RC), and put them into your soul] When this unit attacks, you may pay the cost. If you do, this unit gets [Power] +10000 until end of that battle.",https://en.cf-vanguard.com/cardlist/cardsearch/?cardno=BT05/S02EN&expansion=18&view=text,https://en.cf-vanguard.com/wordpress/wp-content/images/cardlist/bt05/BT05_S02EN.png,vanguard_scrape_out\images\BT05_S02EN__Majesty_Lord_Blaster.png
18,[BT05]Awakening of Twin Blades,BT05/S03EN,Star Call Trumpeter,Normal Unit,Royal Paladin,2,8000,5000,"[AUTO]:[Counter-Blast 2] When this unit is placed on (VC) or (RC), if you have a <Royal Paladin> vanguard, you may pay the cost. If you do, search your deck for up to one grade 2 or less card with Blaster in its card name, call it to (RC), and shuffle your deck.",https://en.cf-vanguard.com/cardlist/cardsearch/?cardno=BT05/S03EN&expansion=18&view=text,https://en.cf-vanguard.com/wordpress/wp-content/images/cardlist/bt05/BT05_S03EN.png,vanguard_scrape_out\images\BT05_S03EN__Star_Call_Trumpeter.png
18,[BT05]Awakening of Twin Blades,BT05/S04EN,Phantom Blaster Overlord,Normal Unit,Shadow Paladin,3,11000,-,"[CONT](VC/RC):If you have a non-<Shadow Paladin> vanguard or rear-guard, this unit gets [Power] -2000. [CONT](VC):If you have a card named Phantom Blaster Dragon in your soul, this unit gets [Power] +2000. [AUTO](VC):[Counter-Blast 3 & Choose a card named Phantom Blaster Overlord from your hand, and discard it] When this unit attacks, you may pay the cost. If you do, this unit gets [Power] +10000/[Critical] +1 until end of turn.",https://en.cf-vanguard.com/cardlist/cardsearch/?cardno=BT05/S04EN&expansion=18&view=text,https://en.cf-vanguard.com/wordpress/wp-content/images/cardlist/bt05/BT05_S04EN.png,vanguard_scrape_out\images\BT05_S04EN__Phantom_Blaster_Overlord.png
18,[BT05]Awakening of Twin Blades,BT05/S05EN,Dragonic Overlord the End,Normal Unit,Kagero,3,11000,-,"[CONT](VC/RC):If you have a non-<Kagero> vanguard or rear-guard, this unit gets [Power] -2000. [CONT](VC):If you have a card named Dragonic Overlord in your soul, this unit gets [Power] +2000. [AUTO](VC):[Counter-Blast 2 & Choose a card named Dragonic Overlord the End from your hand, and discard it] When this unit's attack hits, you may pay the cost. If you do, [Stand] this unit.",https://en.cf-vanguard.com/cardlist/cardsearch/?cardno=BT05/S05EN&expansion=18&view=text,https://en.cf-vanguard.com/wordpress/wp-content/images/cardlist/bt05/BT05_S05EN.png,vanguard_scrape_out\images\BT05_S05EN__Dragonic_Overlord_the_End.png
18,[BT05]Awakening of Twin Blades,BT05/S06EN,Miracle Beauty,Normal Unit,Dimension Police,3,10000,-,"[AUTO](RC):During your battle phase, when this unit becomes [Stand], if you have a <Dimension Police> vanguard, choose another of your rear-guard in the same column as this unit, and [Stand] it.",https://en.cf-vanguard.com/cardlist/cardsearch/?cardno=BT05/S06EN&expansion=18&view=text,https://en.cf-vanguard.com/wordpress/wp-content/images/cardlist/bt05/BT05_S06EN.png,vanguard_scrape_out\images\BT05_S06EN__Miracle_Beauty.png
18,[BT05]Awakening of Twin Blades,BT05/S07EN,"King of Diptera, Beelzebub",Normal Unit,Dark Irregulars,3,10000,-,"[CONT](VC):If the number of <Dark Irregulars> in your soul is eight or more, this unit gets [Power] +1000. [AUTO](VC):[Counter-Blast 2] When this unit attacks, if the number of <Dark Irregulars> in your soul is six or more, you may pay the cost. If you do, choose up to two of your <Dark Irregulars> rear-guards, and those units get [Power] +3000 until end of turn.",https://en.cf-vanguard.com/cardlist/cardsearch/?cardno=BT05/S07EN&expansion=18&view=text,https://en.cf-vanguard.com/wordpress/wp-content/images/cardlist/bt05/BT05_S07EN.png,"vanguard_scrape_out\images\BT05_S07EN__King_of_Diptera,_Beelzebub.png"
18,[BT05]Awakening of Twin Blades,BT05/S08EN,Mistress Hurricane,Normal Unit,Pale Moon,3,10000,-,"[CONT](VC):If the number of <Pale Moon> in your soul is eight or more, this unit gets [Power] +1000. [AUTO]:[Counter-Blast 2] When this unit is placed on (VC), you may pay the cost. If you do, choose a <Pale Moon> from your soul, and call it to (RC).",https://en.cf-vanguard.com/cardlist/cardsearch/?cardno=BT05/S08EN&expansion=18&view=text,https://en.cf-vanguard.com/wordpress/wp-content/images/cardlist/bt05/BT05_S08EN.png,vanguard_scrape_out\images\BT05_S08EN__Mistress_Hurricane.png
18,[BT05]Awakening of Twin Blades,BT05/S09EN,Maiden of Trailing Rose,Normal Unit,Neo Nectar,3,11000,-,"[CONT](VC/RC):If you have a non-<Neo Nectar> vanguard or rear-guard, this unit gets [Power] -2000. [AUTO](VC):[Counter-Blast 1 & Choose a card named Maiden of Trailing Rose from your hand, and discard it] When this unit's attack hits a vanguard, you may pay the cost. If you do, look at up to five cards from the top of your deck, search for up to two <Neo Nectar> from among them, call the chosen cards to separate (RC), and shuffle your deck.",https://en.cf-vanguard.com/cardlist/cardsearch/?cardno=BT05/S09EN&expansion=18&view=text,https://en.cf-vanguard.com/wordpress/wp-content/images/cardlist/bt05/BT05_S09EN.png,vanguard_scrape_out\images\BT05_S09EN__Maiden_of_Trailing_Rose.png
18,[BT05]Awakening of Twin Blades,BT05/S10EN,"Stealth Fiend, Midnight Crow",Normal Unit,Murakumo,2,8000,5000,"[AUTO]:[Counter-Blast 1] When this unit is placed on (VC) or (RC), if you have a <Murakumo> vanguard, you may pay the cost. If you do, search your deck for up to one card named Stealth Fiend, Midnight Crow , call it to (RC), and shuffle your deck, and at the beginning of the end phase of that turn, put that unit on the bottom of your deck.",https://en.cf-vanguard.com/cardlist/cardsearch/?cardno=BT05/S10EN&expansion=18&view=text,https://en.cf-vanguard.com/wordpress/wp-content/images/cardlist/bt05/BT05_S10EN.png,"vanguard_scrape_out\images\BT05_S10EN__Stealth_Fiend,_Midnight_Crow.png"
18,[BT05]Awakening of Twin Blades,BT05/S11EN,Wingal Brave,Normal Unit,Royal Paladin,0,5000,10000,"[AUTO]:When another <Royal Paladin> rides this unit, you may call this card to (RC). [AUTO](RC):[Put this unit into your soul] When an attack hits during the battle that this unit boosted ([Boost]) a unit with Blaster in its card name, you may pay the cost. If you do, search your deck for up to one card with Blaster in its card name, reveal it to your opponent, put it into your hand, and shuffle your deck.",https://en.cf-vanguard.com/cardlist/cardsearch/?cardno=BT05/S11EN&expansion=18&view=text,https://en.cf-vanguard.com/wordpress/wp-content/images/cardlist/bt05/BT05_S11EN.png,vanguard_scrape_out\images\BT05_S11EN__Wingal_Brave.png
18,[BT05]Awakening of Twin Blades,BT05/S12EN,"Knight of Nullity, Masquerade",Normal Unit,Shadow Paladin,2,9000,5000,"[AUTO](RC):When this unit attacks, if you have a vanguard with Blaster in its card name, this unit gets [Power] +3000 until end of that battle.",https://en.cf-vanguard.com/cardlist/cardsearch/?cardno=BT05/S12EN&expansion=18&view=text,https://en.cf-vanguard.com/wordpress/wp-content/images/cardlist/bt05/BT05_S12EN.png,"vanguard_scrape_out\images\BT05_S12EN__Knight_of_Nullity,_Masquerade.png"
19,[EB01]Comic Style Vol. 1,EB01/001EN,Perfect Raizer,Normal Unit,Nova Grappler,3,11000,-,"[CONT](VC/RC):If you do not have another card with ""Raizer"" in its card name on your (VC) or (RC), this unit gets [Power] -2000. [CONT](VC):During your turn, this unit gets [Power] +3000 for each card in your soul with ""Raizer"" in its card name. [CONT](VC):During your turn, if the number of cards in your soul with ""Raizer"" in its card name is four or more, this unit gets [Critical] +1. [AUTO]:When this unit is placed on (VC), put all rear-guards you have with ""Raizer"" in its card name into your soul.",https://en.cf-vanguard.com/cardlist/cardsearch/?cardno=EB01/001EN&expansion=19&view=text,https://en.cf-vanguard.com/wordpress/wp-content/images/cardlist/eb01/EB01_001EN.png,vanguard_scrape_out\images\EB01_001EN__Perfect_Raizer.png
19,[EB01]Comic Style Vol. 1,EB01/002EN,"Dueling Dragon, ZANBAKU",Normal Unit,Murakumo,3,11000,-,"[CONT](VC/RC):If you have a non-<Murakumo> vanguard or rear-guard, this unit gets [Power] -2000. [AUTO](VC):At the beginning of your opponent's ride phase, if your opponent has a grade 3 or greater vanguard, your opponent may choose a card from his or her hand, and discard it. If your opponent does not, your opponent cannot normal ride during that ride phase.",https://en.cf-vanguard.com/cardlist/cardsearch/?cardno=EB01/002EN&expansion=19&view=text,https://en.cf-vanguard.com/wordpress/wp-content/images/cardlist/eb01/EB01_002EN.png,"vanguard_scrape_out\images\EB01_002EN__Dueling_Dragon,_ZANBAKU.png"
19,[EB01]Comic Style Vol. 1,EB01/003EN,Hi-powered Raizer Custom,Normal Unit,Nova Grappler,2,8000,5000,"[CONT](VC/RC):During your turn, if you have a unit named ""Battleraizer"" in the back row of the same column as this unit, this unit gets [Power] +8000.",https://en.cf-vanguard.com/cardlist/cardsearch/?cardno=EB01/003EN&expansion=19&view=text,https://en.cf-vanguard.com/wordpress/wp-content/images/cardlist/eb01/EB01_003EN.png,vanguard_scrape_out\images\EB01_003EN__Hi-powered_Raizer_Custom.png
19,[EB01]Comic Style Vol. 1,EB01/004EN,Golden Beast Tamer,Normal Unit,Pale Moon,3,10000,-,"[CONT](VC/RC):Restraint (This unit cannot attack.) [ACT](VC/RC): This unit loses ""Restraint"" until end of turn. [CONT](VC):During your turn, all of your <Pale Moon> rear-guards in your front row get [Power] +3000. [AUTO]:When this unit is placed on (VC), choose a <Pale Moon> <Chimera> from your soul, and call it to (RC).",https://en.cf-vanguard.com/cardlist/cardsearch/?cardno=EB01/004EN&expansion=19&view=text,https://en.cf-vanguard.com/wordpress/wp-content/images/cardlist/eb01/EB01_004EN.png,vanguard_scrape_out\images\EB01_004EN__Golden_Beast_Tamer.png
19,[EB01]Comic Style Vol. 1,EB01/005EN,Machining Stag Beetle,Normal Unit,Megacolony,3,10000,-,"[AUTO]:When this unit is placed on (VC), choose up to two <Megacolony> with ""Machining"" in its card name from your soul, call them to separate (RC) as [Rest], and increase this unit's [Power] by the sum of the original [Power] of the units called with this effect until end of turn.",https://en.cf-vanguard.com/cardlist/cardsearch/?cardno=EB01/005EN&expansion=19&view=text,https://en.cf-vanguard.com/wordpress/wp-content/images/cardlist/eb01/EB01_005EN.png,vanguard_scrape_out\images\EB01_005EN__Machining_Stag_Beetle.png
19,[EB01]Comic Style Vol. 1,EB01/006EN,Imperial Daughter,Normal Unit,Oracle Think Tank,3,11000,-,"[CONT](VC/RC):Restraint (This unit cannot attack.) [ACT](VC/RC):[Counter-Blast 1 & Choose another of your <Oracle Think Tank> rear-guards, and put it into your soul] This unit loses ""Restraint"" until end of turn. [CONT](VC):During your turn, if you do not have any rear-guards, this unit gets [Power] +10000/[Critical] +1 and loses ""Restraint"".",https://en.cf-vanguard.com/cardlist/cardsearch/?cardno=EB01/006EN&expansion=19&view=text,https://en.cf-vanguard.com/wordpress/wp-content/images/cardlist/eb01/EB01_006EN.png,vanguard_scrape_out\images\EB01_006EN__Imperial_Daughter.png
19,[EB01]Comic Style Vol. 1,EB01/007EN,"Weather Forecaster, Miss Mist",Normal Unit,Oracle Think Tank,1,6000,5000,"[AUTO]:When this unit is placed on (GC), if it is during the battle in which your opponent's grade 2 or less vanguard attacked, choose one of your <Oracle Think Tank> that is being attacked, and that unit cannot be hit until end of that battle.",https://en.cf-vanguard.com/cardlist/cardsearch/?cardno=EB01/007EN&expansion=19&view=text,https://en.cf-vanguard.com/wordpress/wp-content/images/cardlist/eb01/EB01_007EN.png,"vanguard_scrape_out\images\EB01_007EN__Weather_Forecaster,_Miss_Mist.png"
19,[EB01]Comic Style Vol. 1,EB01/008EN,Miss Splendor,Normal Unit,Nova Grappler,3,10000,-,"[AUTO](VC/RC):When this unit attacks, your opponent's units cannot intercept ([Intercept]) until end of that battle.",https://en.cf-vanguard.com/cardlist/cardsearch/?cardno=EB01/008EN&expansion=19&view=text,https://en.cf-vanguard.com/wordpress/wp-content/images/cardlist/eb01/EB01_008EN.png,vanguard_scrape_out\images\EB01_008EN__Miss_Splendor.png
19,[EB01]Comic Style Vol. 1,EB01/009EN,Rocket Hammer Man,Normal Unit,Nova Grappler,1,6000,5000,"[ACT](RC):[Rest] this unit] Choose another of your <Nova Grappler>, and that unit gets [Power] +2000 until end of turn.",https://en.cf-vanguard.com/cardlist/cardsearch/?cardno=EB01/009EN&expansion=19&view=text,https://en.cf-vanguard.com/wordpress/wp-content/images/cardlist/eb01/EB01_009EN.png,vanguard_scrape_out\images\EB01_009EN__Rocket_Hammer_Man.png
19,[EB01]Comic Style Vol. 1,EB01/010EN,"Twin Swordsman, MUSASHI",Normal Unit,Murakumo,3,9000,-,"[AUTO](VC/RC):When this unit attacks, if the number of rear-guards you have is more than your opponent's, this unit gets [Power] +3000 until end of that battle.",https://en.cf-vanguard.com/cardlist/cardsearch/?cardno=EB01/010EN&expansion=19&view=text,https://en.cf-vanguard.com/wordpress/wp-content/images/cardlist/eb01/EB01_010EN.png,"vanguard_scrape_out\images\EB01_010EN__Twin_Swordsman,_MUSASHI.png"
19,[EB01]Comic Style Vol. 1,EB01/011EN,Promise Daughter,Normal Unit,Oracle Think Tank,2,9000,5000,"[AUTO](VC/RC):[Choose an <Oracle Think Tank> from your hand, and discard it] When this unit attacks, you may pay the cost. If you do, this unit gets [Power] +5000 until end of that battle.",https://en.cf-vanguard.com/cardlist/cardsearch/?cardno=EB01/011EN&expansion=19&view=text,https://en.cf-vanguard.com/wordpress/wp-content/images/cardlist/eb01/EB01_011EN.png,vanguard_scrape_out\images\EB01_011EN__Promise_Daughter.png
19,[EB01]Comic Style Vol. 1,EB01/012EN,Bellicosity Dragon,Normal Unit,Kagero,2,9000,5000,"[AUTO](VC/RC):When this unit's attack hits a vanguard, if you have a <Kagero> vanguard, choose a card from your damage zone, and turn it face up.",https://en.cf-vanguard.com/cardlist/cardsearch/?cardno=EB01/012EN&expansion=19&view=text,https://en.cf-vanguard.com/wordpress/wp-content/images/cardlist/eb01/EB01_012EN.png,vanguard_scrape_out\images\EB01_012EN__Bellicosity_Dragon.png
19,[EB01]Comic Style Vol. 1,EB01/013EN,Guard Griffin,Normal Unit,Kagero,1,6000,5000,"[AUTO]:[Counter-Blast 1] When this unit is placed on (GC), if you have a <Kagero> vanguard, you may pay the cost. If you do, this unit gets [Shield] +5000 until end of that battle.",https://en.cf-vanguard.com/cardlist/cardsearch/?cardno=EB01/013EN&expansion=19&view=text,https://en.cf-vanguard.com/wordpress/wp-content/images/cardlist/eb01/EB01_013EN.png,vanguard_scrape_out\images\EB01_013EN__Guard_Griffin.png
19,[EB01]Comic Style Vol. 1,EB01/014EN,"Sage of Guidance, Zenon",Normal Unit,Royal Paladin,1,6000,5000,"[AUTO]:When this unit is placed on (RC), if you have a <Royal Paladin> vanguard, reveal the top card of your deck. If the revealed card is a <Royal Paladin> with the same grade as your vanguard, ride it, and if it is not, put that card into your drop zone.",https://en.cf-vanguard.com/cardlist/cardsearch/?cardno=EB01/014EN&expansion=19&view=text,https://en.cf-vanguard.com/wordpress/wp-content/images/cardlist/eb01/EB01_014EN.png,"vanguard_scrape_out\images\EB01_014EN__Sage_of_Guidance,_Zenon.png"
19,[EB01]Comic Style Vol. 1,EB01/015EN,Savage King,Normal Unit,Tachikaze,3,9000,-,"[ACT](VC/RC):[Soul-Blast 1 & Choose another of your <Tachikaze> rear-guards, and retire it] This unit gets [Power] +3000 until end of turn.",https://en.cf-vanguard.com/cardlist/cardsearch/?cardno=EB01/015EN&expansion=19&view=text,https://en.cf-vanguard.com/wordpress/wp-content/images/cardlist/eb01/EB01_015EN.png,vanguard_scrape_out\images\EB01_015EN__Savage_King.png
19,[EB01]Comic Style Vol. 1,EB01/016EN,Boomerang Thrower,Normal Unit,Nova Grappler,2,9000,5000,"[AUTO]:When this unit rides a <Nova Grappler>, this unit gets ""[CONT](VC):If this unit would attack, it may instead attack an opponent's unit in the back row."" until end of turn.",https://en.cf-vanguard.com/cardlist/cardsearch/?cardno=EB01/016EN&expansion=19&view=text,https://en.cf-vanguard.com/wordpress/wp-content/images/cardlist/eb01/EB01_016EN.png,vanguard_scrape_out\images\EB01_016EN__Boomerang_Thrower.png
19,[EB01]Comic Style Vol. 1,EB01/017EN,Raizer Custom,Normal Unit,Nova Grappler,1,6000,5000,"[CONT](VC/RC):During your turn, if you have a unit named ""Battleraizer"" in the back row of the same column as this unit, this unit gets [Power] +6000.",https://en.cf-vanguard.com/cardlist/cardsearch/?cardno=EB01/017EN&expansion=19&view=text,https://en.cf-vanguard.com/wordpress/wp-content/images/cardlist/eb01/EB01_017EN.png,vanguard_scrape_out\images\EB01_017EN__Raizer_Custom.png
19,[EB01]Comic Style Vol. 1,EB01/018EN,Wall Boy,Trigger Unit,Nova Grappler,0,5000,10000,"(You may only have up to four cards with ""[Heal] HEAL"" in a deck.)",https://en.cf-vanguard.com/cardlist/cardsearch/?cardno=EB01/018EN&expansion=19&view=text,https://en.cf-vanguard.com/wordpress/wp-content/images/cardlist/eb01/EB01_018EN.png,vanguard_scrape_out\images\EB01_018EN__Wall_Boy.png
19,[EB01]Comic Style Vol. 1,EB01/019EN,Cat Butler,Normal Unit,Nova Grappler,0,5000,10000,"[AUTO](RC):［Retire this unit］ At the beginning of the close step of the battle that your vanguard attacked, if the attack did not hit during that battle, you may pay the cost. If you do, choose one of your grade 2 or less <Nova Grappler> vanguards, and [Stand] it.",https://en.cf-vanguard.com/cardlist/cardsearch/?cardno=EB01/019EN&expansion=19&view=text,https://en.cf-vanguard.com/wordpress/wp-content/images/cardlist/eb01/EB01_019EN.png,vanguard_scrape_out\images\EB01_019EN__Cat_Butler.png
19,[EB01]Comic Style Vol. 1,EB01/020EN,Battleraizer,Trigger Unit,Nova Grappler,0,3000,10000,"[AUTO]:When another <Nova Grappler> rides this unit, you may call this card to (RC). [AUTO](RC):When this unit boosts, the boosted unit gets [Power] +3000 until end of that battle, and at the beginning of the end phase of that turn, return this unit to your deck, and shuffle your deck.",https://en.cf-vanguard.com/cardlist/cardsearch/?cardno=EB01/020EN&expansion=19&view=text,https://en.cf-vanguard.com/wordpress/wp-content/images/cardlist/eb01/EB01_020EN.png,vanguard_scrape_out\images\EB01_020EN__Battleraizer.png
19,[EB01]Comic Style Vol. 1,EB01/021EN,Jumping Jill,Normal Unit,Pale Moon,2,9000,5000,"[AUTO]:When this unit is placed on (RC) from your soul, if you have a <Pale Moon> vanguard, this unit gets [Power] +3000 until end of turn.",https://en.cf-vanguard.com/cardlist/cardsearch/?cardno=EB01/021EN&expansion=19&view=text,https://en.cf-vanguard.com/wordpress/wp-content/images/cardlist/eb01/EB01_021EN.png,vanguard_scrape_out\images\EB01_021EN__Jumping_Jill.png
19,[EB01]Comic Style Vol. 1,EB01/022EN,Nitro Juggler,Normal Unit,Pale Moon,2,9000,5000,"[AUTO]:When this unit is placed on (VC) or (RC), if you have a <Pale Moon> vanguard, you may [Soul-Charge 1].",https://en.cf-vanguard.com/cardlist/cardsearch/?cardno=EB01/022EN&expansion=19&view=text,https://en.cf-vanguard.com/wordpress/wp-content/images/cardlist/eb01/EB01_022EN.png,vanguard_scrape_out\images\EB01_022EN__Nitro_Juggler.png
19,[EB01]Comic Style Vol. 1,EB01/023EN,Starting Presenter,Normal Unit,Pale Moon,1,6000,5000,"[AUTO]:When another <Pale Moon> rides this unit, you may [Soul-Charge 2].",https://en.cf-vanguard.com/cardlist/cardsearch/?cardno=EB01/023EN&expansion=19&view=text,https://en.cf-vanguard.com/wordpress/wp-content/images/cardlist/eb01/EB01_023EN.png,vanguard_scrape_out\images\EB01_023EN__Starting_Presenter.png
19,[EB01]Comic Style Vol. 1,EB01/024EN,Hoop Magician,Trigger Unit,Pale Moon,0,5000,10000,-,https://en.cf-vanguard.com/cardlist/cardsearch/?cardno=EB01/024EN&expansion=19&view=text,https://en.cf-vanguard.com/wordpress/wp-content/images/cardlist/eb01/EB01_024EN.png,vanguard_scrape_out\images\EB01_024EN__Hoop_Magician.png
19,[EB01]Comic Style Vol. 1,EB01/025EN,Lark Pigeon,Normal Unit,Pale Moon,0,5000,10000,"[AUTO]Soul:At the beginning of your guard step, if you have a <Pale Moon> vanguard, and you do not have any cards in your hand, you may call this card to (GC) as [Rest].",https://en.cf-vanguard.com/cardlist/cardsearch/?cardno=EB01/025EN&expansion=19&view=text,https://en.cf-vanguard.com/wordpress/wp-content/images/cardlist/eb01/EB01_025EN.png,vanguard_scrape_out\images\EB01_025EN__Lark_Pigeon.png
19,[EB01]Comic Style Vol. 1,EB01/026EN,"Swift Archer, FUSHIMI",Normal Unit,Murakumo,2,9000,5000,"[AUTO]:When this unit rides a <Murakumo>, this unit gets ""[CONT](VC):If this unit would attack, it may instead attack an opponent's unit in the back row."" until end of turn.",https://en.cf-vanguard.com/cardlist/cardsearch/?cardno=EB01/026EN&expansion=19&view=text,https://en.cf-vanguard.com/wordpress/wp-content/images/cardlist/eb01/EB01_026EN.png,"vanguard_scrape_out\images\EB01_026EN__Swift_Archer,_FUSHIMI.png"
19,[EB01]Comic Style Vol. 1,EB01/027EN,Left Arrester,Normal Unit,Murakumo,2,8000,5000,"[CONT](RC) in the left column of the front row:If you have a <Murakumo> vanguard, and you have a unit named ""Right Arrester"" on (RC) in the right column of the front row, this unit gets [Power] +3000.",https://en.cf-vanguard.com/cardlist/cardsearch/?cardno=EB01/027EN&expansion=19&view=text,https://en.cf-vanguard.com/wordpress/wp-content/images/cardlist/eb01/EB01_027EN.png,vanguard_scrape_out\images\EB01_027EN__Left_Arrester.png
19,[EB01]Comic Style Vol. 1,EB01/028EN,Right Arrester,Normal Unit,Murakumo,2,8000,5000,"[CONT](RC) in the right column of the front row:If you have a <Murakumo> vanguard, and you have a unit named ""Left Arrester"" on (RC) in the left column of the front row, this unit gets [Power] +3000.",https://en.cf-vanguard.com/cardlist/cardsearch/?cardno=EB01/028EN&expansion=19&view=text,https://en.cf-vanguard.com/wordpress/wp-content/images/cardlist/eb01/EB01_028EN.png,vanguard_scrape_out\images\EB01_028EN__Right_Arrester.png
19,[EB01]Comic Style Vol. 1,EB01/029EN,Machining Mantis,Normal Unit,Megacolony,2,9000,5000,"[AUTO]:When this unit is placed on (VC) or (RC), if you have a <Megacolony> with ""Machining"" in its card name in your soul, this unit gets [Power] +3000 until end of turn.",https://en.cf-vanguard.com/cardlist/cardsearch/?cardno=EB01/029EN&expansion=19&view=text,https://en.cf-vanguard.com/wordpress/wp-content/images/cardlist/eb01/EB01_029EN.png,vanguard_scrape_out\images\EB01_029EN__Machining_Mantis.png
19,[EB01]Comic Style Vol. 1,EB01/030EN,Machining Hornet,Normal Unit,Megacolony,1,7000,5000,"[AUTO]:When this unit is placed on (VC) or (RC), if you have a <Megacolony> with ""Machining"" in its card name in your soul, this unit gets [Power] +3000 until end of turn.",https://en.cf-vanguard.com/cardlist/cardsearch/?cardno=EB01/030EN&expansion=19&view=text,https://en.cf-vanguard.com/wordpress/wp-content/images/cardlist/eb01/EB01_030EN.png,vanguard_scrape_out\images\EB01_030EN__Machining_Hornet.png
19,[EB01]Comic Style Vol. 1,EB01/031EN,Machining Worker Ant,Normal Unit,Megacolony,0,5000,10000,"[AUTO]:When this unit is placed on (RC), choose one of your rear-guards with ""Machining"" in its card name, and [Stand] it.",https://en.cf-vanguard.com/cardlist/cardsearch/?cardno=EB01/031EN&expansion=19&view=text,https://en.cf-vanguard.com/wordpress/wp-content/images/cardlist/eb01/EB01_031EN.png,vanguard_scrape_out\images\EB01_031EN__Machining_Worker_Ant.png
19,[EB01]Comic Style Vol. 1,EB01/032EN,Shelter Beetle,Trigger Unit,Megacolony,0,5000,10000,-,https://en.cf-vanguard.com/cardlist/cardsearch/?cardno=EB01/032EN&expansion=19&view=text,https://en.cf-vanguard.com/wordpress/wp-content/images/cardlist/eb01/EB01_032EN.png,vanguard_scrape_out\images\EB01_032EN__Shelter_Beetle.png
19,[EB01]Comic Style Vol. 1,EB01/033EN,Lozenge Magus,Trigger Unit,Oracle Think Tank,0,3000,10000,"(You may only have up to four cards with ""[Heal] HEAL"" in a deck.) [AUTO]:When another <Oracle Think Tank> rides this unit, you may call this card to (RC). [AUTO](RC):When this unit boosts, the boosted unit gets [Power] +3000 until end of that battle, and at the beginning of the end phase of that turn, return this unit to your deck, and shuffle your deck.",https://en.cf-vanguard.com/cardlist/cardsearch/?cardno=EB01/033EN&expansion=19&view=text,https://en.cf-vanguard.com/wordpress/wp-content/images/cardlist/eb01/EB01_033EN.png,vanguard_scrape_out\images\EB01_033EN__Lozenge_Magus.png
19,[EB01]Comic Style Vol. 1,EB01/034EN,"Prowling Dragon, Striken",Normal Unit,Kagero,2,10000,5000,"[CONT](VC):Restraint (This unit cannot attack.) [AUTO](VC):When this unit is attacked, if there are no boosting ([Boost]) units, this unit gets [Power] +5000 until end of that battle. [AUTO]:When another <Kagero> rides this unit, choose one of your vanguards, and that unit gets [Power] +5000/[Critical] +1 until end of turn.",https://en.cf-vanguard.com/cardlist/cardsearch/?cardno=EB01/034EN&expansion=19&view=text,https://en.cf-vanguard.com/wordpress/wp-content/images/cardlist/eb01/EB01_034EN.png,"vanguard_scrape_out\images\EB01_034EN__Prowling_Dragon,_Striken.png"
19,[EB01]Comic Style Vol. 1,EB01/035EN,Spike Bouncer,Normal Unit,Spike Brothers,2,8000,5000,"[AUTO](VC/RC):When an attack by another of your <Spike Brothers> hits a vanguard, this unit gets [Power] +3000 until end of turn.",https://en.cf-vanguard.com/cardlist/cardsearch/?cardno=EB01/035EN&expansion=19&view=text,https://en.cf-vanguard.com/wordpress/wp-content/images/cardlist/eb01/EB01_035EN.png,vanguard_scrape_out\images\EB01_035EN__Spike_Bouncer.png
19,[EB01]Comic Style Vol. 1,EB01/S01EN,"Sage of Guidance, Zenon",Normal Unit,Royal Paladin,1,6000,5000,"[AUTO]:When this unit is placed on (RC), if you have a <Royal Paladin> vanguard, reveal the top card of your deck. If the revealed card is a <Royal Paladin> with the same grade as your vanguard, ride it, and if it is not, put that card into your drop zone.",https://en.cf-vanguard.com/cardlist/cardsearch/?cardno=EB01/S01EN&expansion=19&view=text,https://en.cf-vanguard.com/wordpress/wp-content/images/cardlist/eb01/EB01_S01EN.png,"vanguard_scrape_out\images\EB01_S01EN__Sage_of_Guidance,_Zenon.png"
14,[EB02]Banquet of Divas,EB02/001EN,"Top Idol, Pacifica",Normal Unit,Bermuda Triangle,3,10000,-,"[CONT](VC):During your turn, if the number of <Bermuda Triangle> rear-guards you have is four or more, this unit gets [Power] +3000. [AUTO](VC):At the beginning of your main phase, [Soul-Charge 1], draw a card, choose a card from your hand, and put it on the bottom of your deck. [AUTO](VC/RC):[Soul-Blast 8 & Counter-Blast 5] When this unit's attack hits a vanguard, you may pay the cost. If you do, search your deck for up to three <Bermuda Triangle>, call them to separate (RC), and shuffle your deck.",https://en.cf-vanguard.com/cardlist/cardsearch/?cardno=EB02/001EN&expansion=14&view=text,https://en.cf-vanguard.com/wordpress/wp-content/images/cardlist/eb02/EB02_001EN.png,"vanguard_scrape_out\images\EB02_001EN__Top_Idol,_Pacifica.png"
14,[EB02]Banquet of Divas,EB02/002EN,"Top Idol, Riviere",Normal Unit,Bermuda Triangle,3,10000,-,"[CONT](VC):If you have a card named ""Super Idol, Riviere"" in your soul, this unit gets [Power] +1000. [AUTO](VC):[Counter-Blast 2 & Choose a card named ""Top Idol, Riviere"" from your hand, and discard it] When this unit's attack hits a vanguard, you may pay the cost. If you do, choose up to three of your <Bermuda Triangle> rear-guards, and those units get [Power] +5000 until end of turn.",https://en.cf-vanguard.com/cardlist/cardsearch/?cardno=EB02/002EN&expansion=14&view=text,https://en.cf-vanguard.com/wordpress/wp-content/images/cardlist/eb02/EB02_002EN.png,"vanguard_scrape_out\images\EB02_002EN__Top_Idol,_Riviere.png"
14,[EB02]Banquet of Divas,EB02/003EN,"Bermuda Princess, Lena",Normal Unit,Bermuda Triangle,3,10000,-,"[CONT](VC):During your turn, if the number of <Bermuda Triangle> rear-guards you have is four or more, this unit gets [Power] +3000. [AUTO]:When this unit is placed on (VC), return all of your <Bermuda Triangle> rear-guards to your hand.",https://en.cf-vanguard.com/cardlist/cardsearch/?cardno=EB02/003EN&expansion=14&view=text,https://en.cf-vanguard.com/wordpress/wp-content/images/cardlist/eb02/EB02_003EN.png,"vanguard_scrape_out\images\EB02_003EN__Bermuda_Princess,_Lena.png"
14,[EB02]Banquet of Divas,EB02/004EN,"Pearl Sisters, Perle",Normal Unit,Bermuda Triangle,1,7000,5000,"[AUTO]:When this unit is placed on (RC), if you have a <Bermuda Triangle> vanguard, choose one of your units named ""Pearl Sisters, Perla"", and that unit gets ""[AUTO](VC/RC):When this unit's attack hits a vanguard, [Soul-Charge 1], and draw a card."" until end of turn.",https://en.cf-vanguard.com/cardlist/cardsearch/?cardno=EB02/004EN&expansion=14&view=text,https://en.cf-vanguard.com/wordpress/wp-content/images/cardlist/eb02/EB02_004EN.png,"vanguard_scrape_out\images\EB02_004EN__Pearl_Sisters,_Perle.png"
14,[EB02]Banquet of Divas,EB02/005EN,"Pearl Sisters, Perla",Normal Unit,Bermuda Triangle,2,9000,5000,"[AUTO](VC/RC):[Soul-Blast 1] When this unit's attack hits a vanguard, you may pay the cost. If you do, choose another of your <Bermuda Triangle> rear-guards, and return it to your hand.",https://en.cf-vanguard.com/cardlist/cardsearch/?cardno=EB02/005EN&expansion=14&view=text,https://en.cf-vanguard.com/wordpress/wp-content/images/cardlist/eb02/EB02_005EN.png,"vanguard_scrape_out\images\EB02_005EN__Pearl_Sisters,_Perla.png"
14,[EB02]Banquet of Divas,EB02/006EN,"Girls' Rock, Rio",Normal Unit,Bermuda Triangle,2,8000,5000,"[AUTO]:[Counter-Blast 1] When this unit is returned to your hand from (RC), if you have a <Bermuda Triangle> vanguard, you may pay the cost. If you do, [Soul-Charge 1], and draw a card.",https://en.cf-vanguard.com/cardlist/cardsearch/?cardno=EB02/006EN&expansion=14&view=text,https://en.cf-vanguard.com/wordpress/wp-content/images/cardlist/eb02/EB02_006EN.png,"vanguard_scrape_out\images\EB02_006EN__Girls'_Rock,_Rio.png"
14,[EB02]Banquet of Divas,EB02/007EN,"Mermaid Idol, Elly",Normal Unit,Bermuda Triangle,1,6000,0,"[AUTO]:[Choose a <Bermuda Triangle> from your hand, and discard it] When this unit is placed on (GC), you may pay the cost. If you do, choose one of your <Bermuda Triangle> that is being attacked, and that unit cannot be hit until end of that battle.",https://en.cf-vanguard.com/cardlist/cardsearch/?cardno=EB02/007EN&expansion=14&view=text,https://en.cf-vanguard.com/wordpress/wp-content/images/cardlist/eb02/EB02_007EN.png,"vanguard_scrape_out\images\EB02_007EN__Mermaid_Idol,_Elly.png"
14,[EB02]Banquet of Divas,EB02/008EN,"Super Idol, Ceram",Normal Unit,Bermuda Triangle,3,10000,-,"[AUTO](VC/RC):[Counter-Blast 1] When this unit attacks, you may pay the cost. If you do, this unit gets [Power] +3000 until end of that battle.",https://en.cf-vanguard.com/cardlist/cardsearch/?cardno=EB02/008EN&expansion=14&view=text,https://en.cf-vanguard.com/wordpress/wp-content/images/cardlist/eb02/EB02_008EN.png,"vanguard_scrape_out\images\EB02_008EN__Super_Idol,_Ceram.png"
14,[EB02]Banquet of Divas,EB02/009EN,"Top Idol, Flores",Normal Unit,Bermuda Triangle,3,10000,-,"[AUTO](VC/RC):[Soul-Blast 2] When this unit's attack hits, you may pay the cost. If you do, choose one of your <Bermuda Triangle> rear-guards, and return it to your hand.",https://en.cf-vanguard.com/cardlist/cardsearch/?cardno=EB02/009EN&expansion=14&view=text,https://en.cf-vanguard.com/wordpress/wp-content/images/cardlist/eb02/EB02_009EN.png,"vanguard_scrape_out\images\EB02_009EN__Top_Idol,_Flores.png"
14,[EB02]Banquet of Divas,EB02/010EN,"Top Idol, Aqua",Normal Unit,Bermuda Triangle,2,10000,5000,-,https://en.cf-vanguard.com/cardlist/cardsearch/?cardno=EB02/010EN&expansion=14&view=text,https://en.cf-vanguard.com/wordpress/wp-content/images/cardlist/eb02/EB02_010EN.png,"vanguard_scrape_out\images\EB02_010EN__Top_Idol,_Aqua.png"
14,[EB02]Banquet of Divas,EB02/011EN,"Super Idol, Riviere",Normal Unit,Bermuda Triangle,2,9000,5000,"[CONT](VC):If you have a card named ""Mermaid Idol, Riviere"" in your soul, this unit gets [Power] +1000. [AUTO]:When a card named ""Top Idol, Riviere"" rides this unit, if you have a card named ""Mermaid Idol, Riviere"" in your soul, draw a card.",https://en.cf-vanguard.com/cardlist/cardsearch/?cardno=EB02/011EN&expansion=14&view=text,https://en.cf-vanguard.com/wordpress/wp-content/images/cardlist/eb02/EB02_011EN.png,"vanguard_scrape_out\images\EB02_011EN__Super_Idol,_Riviere.png"
14,[EB02]Banquet of Divas,EB02/012EN,"Mermaid Idol, Flute",Normal Unit,Bermuda Triangle,2,8000,5000,"[CONT](VC/RC):During your turn, if the number of <Bermuda Triangle> rear-guards you have is four or more, this unit gets [Power] +3000.",https://en.cf-vanguard.com/cardlist/cardsearch/?cardno=EB02/012EN&expansion=14&view=text,https://en.cf-vanguard.com/wordpress/wp-content/images/cardlist/eb02/EB02_012EN.png,"vanguard_scrape_out\images\EB02_012EN__Mermaid_Idol,_Flute.png"
14,[EB02]Banquet of Divas,EB02/013EN,"Turquoise Blue, Tyrrhenia",Normal Unit,Bermuda Triangle,1,5000,5000,"[AUTO](RC):[Soul-Blast 2] When an attack hits a vanguard during the battle that this unit boosted ([Boost] ) a <Bermuda Triangle>, you may pay the cost. If you do, choose another of your <Bermuda Triangle> rear-guards, and return it to your hand.",https://en.cf-vanguard.com/cardlist/cardsearch/?cardno=EB02/013EN&expansion=14&view=text,https://en.cf-vanguard.com/wordpress/wp-content/images/cardlist/eb02/EB02_013EN.png,"vanguard_scrape_out\images\EB02_013EN__Turquoise_Blue,_Tyrrhenia.png"
14,[EB02]Banquet of Divas,EB02/014EN,"Bermuda Triangle Cadet, Weddell",Normal Unit,Bermuda Triangle,0,5000,10000,"[AUTO]:Forerunner (When a unit of the same clan rides this unit, you may call this unit to (RC)) [ACT](RC):[Put this unit into your soul] If you have a <Bermuda Triangle> vanguard, choose one of your <Bermuda Triangle> rear-guards, and return it to your hand.",https://en.cf-vanguard.com/cardlist/cardsearch/?cardno=EB02/014EN&expansion=14&view=text,https://en.cf-vanguard.com/wordpress/wp-content/images/cardlist/eb02/EB02_014EN.png,"vanguard_scrape_out\images\EB02_014EN__Bermuda_Triangle_Cadet,_Weddell.png"
14,[EB02]Banquet of Divas,EB02/015EN,"Bermuda Triangle Cadet, Riviere",Normal Unit,Bermuda Triangle,0,4000,10000,"[AUTO]:When a card named ""Mermaid Idol, Riviere"" rides this unit, look at up to seven cards from the top of your deck, search for up to one card named ""Top Idol, Riviere"" or ""Super Idol, Riviere"" from among them, reveal it to your opponent, put it into your hand, and shuffle your deck. [AUTO]:When a <Bermuda Triangle> other than a card named ""Mermaid Idol, Riviere"" rides this unit, you may call this card to (RC).",https://en.cf-vanguard.com/cardlist/cardsearch/?cardno=EB02/015EN&expansion=14&view=text,https://en.cf-vanguard.com/wordpress/wp-content/images/cardlist/eb02/EB02_015EN.png,"vanguard_scrape_out\images\EB02_015EN__Bermuda_Triangle_Cadet,_Riviere.png"
14,[EB02]Banquet of Divas,EB02/016EN,"Velvet Voice, Raindear",Normal Unit,Bermuda Triangle,3,10000,-,"[AUTO](VC):[Choose one of your <Bermuda Triangle> rear-guards, and return it to your hand] When this unit's drive check reveals a grade 3 <Bermuda Triangle>, you may pay the cost. If you do, choose up to one <Bermuda Triangle> from your hand, and call it to an open (RC).",https://en.cf-vanguard.com/cardlist/cardsearch/?cardno=EB02/016EN&expansion=14&view=text,https://en.cf-vanguard.com/wordpress/wp-content/images/cardlist/eb02/EB02_016EN.png,"vanguard_scrape_out\images\EB02_016EN__Velvet_Voice,_Raindear.png"
14,[EB02]Banquet of Divas,EB02/017EN,"Rainbow Light, Carine",Normal Unit,Bermuda Triangle,3,10000,-,"[AUTO]:[Counter-Blast 1] When this unit is returned to your hand from (RC), if you have a <Bermuda Triangle> vanguard, you may pay the cost. If you do, [Soul-Charge 1], and draw a card.",https://en.cf-vanguard.com/cardlist/cardsearch/?cardno=EB02/017EN&expansion=14&view=text,https://en.cf-vanguard.com/wordpress/wp-content/images/cardlist/eb02/EB02_017EN.png,"vanguard_scrape_out\images\EB02_017EN__Rainbow_Light,_Carine.png"
14,[EB02]Banquet of Divas,EB02/018EN,"Intelli-idol, Melville",Normal Unit,Bermuda Triangle,2,9000,5000,"[AUTO](VC):[Choose one of your <Bermuda Triangle> rear-guards, and return it to your hand] When this unit's drive check reveals a grade 3 <Bermuda Triangle>, you may pay the cost. If you do, choose up to one <Bermuda Triangle> from your hand, and call it to an open (RC).",https://en.cf-vanguard.com/cardlist/cardsearch/?cardno=EB02/018EN&expansion=14&view=text,https://en.cf-vanguard.com/wordpress/wp-content/images/cardlist/eb02/EB02_018EN.png,"vanguard_scrape_out\images\EB02_018EN__Intelli-idol,_Melville.png"
14,[EB02]Banquet of Divas,EB02/019EN,"Snow White of the Corals, Claire",Normal Unit,Bermuda Triangle,2,8000,5000,"[AUTO]:When this unit is placed on (RC), choose another of your <Bermuda Triangle>, and that unit gets [Power] +2000 until end of turn.",https://en.cf-vanguard.com/cardlist/cardsearch/?cardno=EB02/019EN&expansion=14&view=text,https://en.cf-vanguard.com/wordpress/wp-content/images/cardlist/eb02/EB02_019EN.png,"vanguard_scrape_out\images\EB02_019EN__Snow_White_of_the_Corals,_Claire.png"
14,[EB02]Banquet of Divas,EB02/020EN,"Diva of Clear Waters, Izumi",Normal Unit,Bermuda Triangle,2,8000,5000,"[AUTO]:When this unit intercepts ([Intercept]), if you have a <Bermuda Triangle> vanguard, this unit gets [Shield] +5000 until end of that battle.",https://en.cf-vanguard.com/cardlist/cardsearch/?cardno=EB02/020EN&expansion=14&view=text,https://en.cf-vanguard.com/wordpress/wp-content/images/cardlist/eb02/EB02_020EN.png,"vanguard_scrape_out\images\EB02_020EN__Diva_of_Clear_Waters,_Izumi.png"
14,[EB02]Banquet of Divas,EB02/021EN,"Mermaid Idol, Sedna",Normal Unit,Bermuda Triangle,1,8000,5000,-,https://en.cf-vanguard.com/cardlist/cardsearch/?cardno=EB02/021EN&expansion=14&view=text,https://en.cf-vanguard.com/wordpress/wp-content/images/cardlist/eb02/EB02_021EN.png,"vanguard_scrape_out\images\EB02_021EN__Mermaid_Idol,_Sedna.png"
14,[EB02]Banquet of Divas,EB02/022EN,"Prism on the Water, Myrtoa",Normal Unit,Bermuda Triangle,1,7000,5000,"[AUTO]:When this unit is placed on (VC) or (RC), if you have a <Bermuda Triangle> vanguard, each player may draw a card.",https://en.cf-vanguard.com/cardlist/cardsearch/?cardno=EB02/022EN&expansion=14&view=text,https://en.cf-vanguard.com/wordpress/wp-content/images/cardlist/eb02/EB02_022EN.png,"vanguard_scrape_out\images\EB02_022EN__Prism_on_the_Water,_Myrtoa.png"
14,[EB02]Banquet of Divas,EB02/023EN,"Mermaid Idol, Felucca",Normal Unit,Bermuda Triangle,1,7000,5000,"[AUTO]:When this unit is placed on (VC) or (RC), if you have a <Bermuda Triangle> vanguard, you may [Soul-Charge 1].",https://en.cf-vanguard.com/cardlist/cardsearch/?cardno=EB02/023EN&expansion=14&view=text,https://en.cf-vanguard.com/wordpress/wp-content/images/cardlist/eb02/EB02_023EN.png,"vanguard_scrape_out\images\EB02_023EN__Mermaid_Idol,_Felucca.png"
14,[EB02]Banquet of Divas,EB02/024EN,"Mermaid Idol, Riviere",Normal Unit,Bermuda Triangle,1,7000,5000,"[CONT](VC):If you have a card named ""Bermuda Triangle Cadet, Riviere"" in your soul, this unit gets [Power] +1000. [AUTO]:When a card named ""Super Idol, Riviere"" rides this unit, if you have a card named ""Bermuda Triangle Cadet, Riviere"" in your soul, draw a card.",https://en.cf-vanguard.com/cardlist/cardsearch/?cardno=EB02/024EN&expansion=14&view=text,https://en.cf-vanguard.com/wordpress/wp-content/images/cardlist/eb02/EB02_024EN.png,"vanguard_scrape_out\images\EB02_024EN__Mermaid_Idol,_Riviere.png"
14,[EB02]Banquet of Divas,EB02/025EN,"Navy Dolphin, Amur",Normal Unit,Bermuda Triangle,1,6000,5000,"[AUTO](RC):[Choose a card from your hand, and discard it] When an attack hits during the battle that this unit boosted ([Boost] ), you may pay the cost. If you do, draw a card.",https://en.cf-vanguard.com/cardlist/cardsearch/?cardno=EB02/025EN&expansion=14&view=text,https://en.cf-vanguard.com/wordpress/wp-content/images/cardlist/eb02/EB02_025EN.png,"vanguard_scrape_out\images\EB02_025EN__Navy_Dolphin,_Amur.png"
14,[EB02]Banquet of Divas,EB02/026EN,Blazer Idols,Normal Unit,Bermuda Triangle,1,6000,5000,"[AUTO]:When this unit is placed on (RC), choose another of your <Bermuda Triangle>, and that unit gets [Power] +2000 until end of turn.",https://en.cf-vanguard.com/cardlist/cardsearch/?cardno=EB02/026EN&expansion=14&view=text,https://en.cf-vanguard.com/wordpress/wp-content/images/cardlist/eb02/EB02_026EN.png,vanguard_scrape_out\images\EB02_026EN__Blazer_Idols.png
14,[EB02]Banquet of Divas,EB02/027EN,Comical Rainie,Trigger Unit,Bermuda Triangle,0,5000,10000,-,https://en.cf-vanguard.com/cardlist/cardsearch/?cardno=EB02/027EN&expansion=14&view=text,https://en.cf-vanguard.com/wordpress/wp-content/images/cardlist/eb02/EB02_027EN.png,vanguard_scrape_out\images\EB02_027EN__Comical_Rainie.png
14,[EB02]Banquet of Divas,EB02/028EN,Cooking Caspi,Trigger Unit,Bermuda Triangle,0,5000,5000,-,https://en.cf-vanguard.com/cardlist/cardsearch/?cardno=EB02/028EN&expansion=14&view=text,https://en.cf-vanguard.com/wordpress/wp-content/images/cardlist/eb02/EB02_028EN.png,vanguard_scrape_out\images\EB02_028EN__Cooking_Caspi.png
14,[EB02]Banquet of Divas,EB02/029EN,"Sleeping Beauty, Mousse",Trigger Unit,Bermuda Triangle,0,5000,10000,-,https://en.cf-vanguard.com/cardlist/cardsearch/?cardno=EB02/029EN&expansion=14&view=text,https://en.cf-vanguard.com/wordpress/wp-content/images/cardlist/eb02/EB02_029EN.png,"vanguard_scrape_out\images\EB02_029EN__Sleeping_Beauty,_Mousse.png"
14,[EB02]Banquet of Divas,EB02/030EN,"Drive Quartet, Ressac",Trigger Unit,Bermuda Triangle,0,4000,10000,"[CONT](RC):If you have a unit named ""Drive Quartet, Flows"" on your (RC), this unit gets [Power] +3000.",https://en.cf-vanguard.com/cardlist/cardsearch/?cardno=EB02/030EN&expansion=14&view=text,https://en.cf-vanguard.com/wordpress/wp-content/images/cardlist/eb02/EB02_030EN.png,"vanguard_scrape_out\images\EB02_030EN__Drive_Quartet,_Ressac.png"
14,[EB02]Banquet of Divas,EB02/031EN,"Drive Quartet, Flows",Trigger Unit,Bermuda Triangle,0,4000,10000,"(You may only have up to four cards with ""[Heal] HEAL"" in a deck.) [CONT](RC):If you have a unit named ""Drive Quartet, Shuplu"" on your (RC), this unit gets [Power] +3000.",https://en.cf-vanguard.com/cardlist/cardsearch/?cardno=EB02/031EN&expansion=14&view=text,https://en.cf-vanguard.com/wordpress/wp-content/images/cardlist/eb02/EB02_031EN.png,"vanguard_scrape_out\images\EB02_031EN__Drive_Quartet,_Flows.png"
14,[EB02]Banquet of Divas,EB02/032EN,"Drive Quartet, Shuplu",Trigger Unit,Bermuda Triangle,0,4000,10000,"[CONT](RC):If you have a unit named ""Drive Quartet, Bubblin"" on your (RC), this unit gets [Power] +3000.",https://en.cf-vanguard.com/cardlist/cardsearch/?cardno=EB02/032EN&expansion=14&view=text,https://en.cf-vanguard.com/wordpress/wp-content/images/cardlist/eb02/EB02_032EN.png,"vanguard_scrape_out\images\EB02_032EN__Drive_Quartet,_Shuplu.png"
14,[EB02]Banquet of Divas,EB02/033EN,"Drive Quartet, Bubblin",Trigger Unit,Bermuda Triangle,0,4000,5000,"[CONT](RC):If you have a unit named ""Drive Quartet, Ressac"" on your (RC), this unit gets [Power] +3000.",https://en.cf-vanguard.com/cardlist/cardsearch/?cardno=EB02/033EN&expansion=14&view=text,https://en.cf-vanguard.com/wordpress/wp-content/images/cardlist/eb02/EB02_033EN.png,"vanguard_scrape_out\images\EB02_033EN__Drive_Quartet,_Bubblin.png"
14,[EB02]Banquet of Divas,EB02/034EN,"Bermuda Triangle Cadet, Shizuku",Normal Unit,Bermuda Triangle,0,4000,10000,"AUTO:Forerunner (When a unit of the same clan rides this unit, you may call this unit to (RC)) [ACT](RC):[Counter-Blast 1 & Put this unit into your soul] Look at up to five cards from the top of your deck, search for up to one grade 3 <Bermuda Triangle> from among them, reveal it to your opponent, put it into your hand, and shuffle your deck.",https://en.cf-vanguard.com/cardlist/cardsearch/?cardno=EB02/034EN&expansion=14&view=text,https://en.cf-vanguard.com/wordpress/wp-content/images/cardlist/eb02/EB02_034EN.png,"vanguard_scrape_out\images\EB02_034EN__Bermuda_Triangle_Cadet,_Shizuku.png"
14,[EB02]Banquet of Divas,EB02/035EN,"Bermuda Triangle Cadet, Caravel",Normal Unit,Bermuda Triangle,0,3000,10000,"[AUTO]:[Soul-Blast 2] When this unit is placed on (RC), if you have a <Bermuda Triangle> vanguard, you may pay the cost. If you do, draw a card.",https://en.cf-vanguard.com/cardlist/cardsearch/?cardno=EB02/035EN&expansion=14&view=text,https://en.cf-vanguard.com/wordpress/wp-content/images/cardlist/eb02/EB02_035EN.png,"vanguard_scrape_out\images\EB02_035EN__Bermuda_Triangle_Cadet,_Caravel.png"
14,[EB02]Banquet of Divas,EB02/S01EN,"Top Idol, Pacifica",Normal Unit,Bermuda Triangle,3,10000,-,"[CONT](VC):During your turn, if the number of <Bermuda Triangle> rear-guards you have is four or more, this unit gets [Power] +3000. [AUTO](VC):At the beginning of your main phase, [Soul-Charge 1], draw a card, choose a card from your hand, and put it on the bottom of your deck. [AUTO](VC/RC):[Soul-Blast 8 & Counter-Blast 5] When this unit's attack hits a vanguard, you may pay the cost. If you do, search your deck for up to three <Bermuda Triangle>, call them to separate (RC), and shuffle your deck.",https://en.cf-vanguard.com/cardlist/cardsearch/?cardno=EB02/S01EN&expansion=14&view=text,https://en.cf-vanguard.com/wordpress/wp-content/images/cardlist/eb02/EB02_S01EN.png,"vanguard_scrape_out\images\EB02_S01EN__Top_Idol,_Pacifica.png"
14,[EB02]Banquet of Divas,EB02/S02EN,"Girls' Rock, Rio",Normal Unit,Bermuda Triangle,2,8000,5000,"[AUTO]:[Counter-Blast 1] When this unit is returned to your hand from (RC), if you have a <Bermuda Triangle> vanguard, you may pay the cost. If you do, [Soul-Charge 1], and draw a card.",https://en.cf-vanguard.com/cardlist/cardsearch/?cardno=EB02/S02EN&expansion=14&view=text,https://en.cf-vanguard.com/wordpress/wp-content/images/cardlist/eb02/EB02_S02EN.png,"vanguard_scrape_out\images\EB02_S02EN__Girls'_Rock,_Rio.png"
